textbox28,textbox76,textbox78,textbox24,district_count,sl_no1,textbox20,textbox26,textbox23,textbox38,textbox29,textbox21,textbox33,textbox8,textbox58,textbox9,textbox10,textbox12,textbox13
29/04/2021,Disease Name--Accidental Injuries-Accidental Injuries,State Name--RAJASTHAN,From Month & Year--  January - 2017  UPTO  December - 2017,33,,Karauli,3256,1772,5028,0,0,0,3256,1772,5028,0,0,0
29/04/2021,Disease Name--Accidental Injuries-Accidental Injuries,State Name--RAJASTHAN,From Month & Year--  January - 2017  UPTO  December - 2017,33,,Karauli,3256,1772,5028,0,0,0,3256,1772,5028,0,0,0
29/04/2021,Disease Name--Accidental Injuries-Accidental Injuries,State Name--RAJASTHAN,From Month & Year--  January - 2017  UPTO  December - 2017,33,,Karauli,3256,1772,5028,0,0,0,3256,1772,5028,0,0,0
29/04/2021,Disease Name--Accidental Injuries-Accidental Injuries,State Name--RAJASTHAN,From Month & Year--  January - 2017  UPTO  December - 2017,33,,Karauli,3256,1772,5028,0,0,0,3256,1772,5028,0,0,0
29/04/2021,Disease Name--Accidental Injuries-Accidental Injuries,State Name--RAJASTHAN,From Month & Year--  January - 2017  UPTO  December - 2017,33,,Karauli,3256,1772,5028,0,0,0,3256,1772,5028,0,0,0
29/04/2021,Disease Name--Accidental Injuries-Accidental Injuries,State Name--RAJASTHAN,From Month & Year--  January - 2017  UPTO  December - 2017,33,,Karauli,3256,1772,5028,0,0,0,3256,1772,5028,0,0,0
29/04/2021,Disease Name--Accidental Injuries-Accidental Injuries,State Name--RAJASTHAN,From Month & Year--  January - 2017  UPTO  December - 2017,33,,Karauli,3256,1772,5028,0,0,0,3256,1772,5028,0,0,0
29/04/2021,Disease Name--Accidental Injuries-Accidental Injuries,State Name--RAJASTHAN,From Month & Year--  January - 2017  UPTO  December - 2017,33,,Karauli,3256,1772,5028,0,0,0,3256,1772,5028,0,0,0
29/04/2021,Disease Name--Accidental Injuries-Accidental Injuries,State Name--RAJASTHAN,From Month & Year--  January - 2017  UPTO  December - 2017,33,,Karauli,3256,1772,5028,0,0,0,3256,1772,5028,0,0,0
29/04/2021,Disease Name--Accidental Injuries-Accidental Injuries,State Name--RAJASTHAN,From Month & Year--  January - 2017  UPTO  December - 2017,33,,Karauli,3256,1772,5028,0,0,0,3256,1772,5028,0,0,0
29/04/2021,Disease Name--Accidental Injuries-Accidental Injuries,State Name--RAJASTHAN,From Month & Year--  January - 2017  UPTO  December - 2017,33,,Karauli,3256,1772,5028,0,0,0,3256,1772,5028,0,0,0
29/04/2021,Disease Name--Accidental Injuries-Accidental Injuries,State Name--RAJASTHAN,From Month & Year--  January - 2017  UPTO  December - 2017,33,,Karauli,3256,1772,5028,0,0,0,3256,1772,5028,0,0,0
29/04/2021,Disease Name--Cancer-Cervix Cancer ,State Name--RAJASTHAN,From Month & Year--  January - 2017  UPTO  December - 2017,33,,Karauli,0,0,0,0,0,0,0,0,0,0,0,0
29/04/2021,Disease Name--Cancer-Cervix Cancer ,State Name--RAJASTHAN,From Month & Year--  January - 2017  UPTO  December - 2017,33,,Karauli,0,0,0,0,0,0,0,0,0,0,0,0
29/04/2021,Disease Name--Cancer-Cervix Cancer ,State Name--RAJASTHAN,From Month & Year--  January - 2017  UPTO  December - 2017,33,,Karauli,0,0,0,0,0,0,0,0,0,0,0,0
29/04/2021,Disease Name--Cancer-Cervix Cancer ,State Name--RAJASTHAN,From Month & Year--  January - 2017  UPTO  December - 2017,33,,Karauli,0,0,0,0,0,0,0,0,0,0,0,0
29/04/2021,Disease Name--Cancer-Cervix Cancer ,State Name--RAJASTHAN,From Month & Year--  January - 2017  UPTO  December - 2017,33,,Karauli,0,0,0,0,0,0,0,0,0,0,0,0
29/04/2021,Disease Name--Cancer-Cervix Cancer ,State Name--RAJASTHAN,From Month & Year--  January - 2017  UPTO  December - 2017,33,,Karauli,0,0,0,0,0,0,0,0,0,0,0,0
29/04/2021,Disease Name--Cancer-Cervix Cancer ,State Name--RAJASTHAN,From Month & Year--  January - 2017  UPTO  December - 2017,33,,Karauli,0,0,0,0,0,0,0,0,0,0,0,0
29/04/2021,Disease Name--Cancer-Cervix Cancer ,State Name--RAJASTHAN,From Month & Year--  January - 2017  UPTO  December - 2017,33,,Karauli,0,0,0,0,0,0,0,0,0,0,0,0
29/04/2021,Disease Name--Cancer-Cervix Cancer ,State Name--RAJASTHAN,From Month & Year--  January - 2017  UPTO  December - 2017,33,,Karauli,0,0,0,0,0,0,0,0,0,0,0,0
29/04/2021,Disease Name--Cancer-Cervix Cancer ,State Name--RAJASTHAN,From Month & Year--  January - 2017  UPTO  December - 2017,33,,Karauli,0,0,0,0,0,0,0,0,0,0,0,0
29/04/2021,Disease Name--Cancer-Cervix Cancer ,State Name--RAJASTHAN,From Month & Year--  January - 2017  UPTO  December - 2017,33,,Karauli,0,0,0,0,0,0,0,0,0,0,0,0
29/04/2021,Disease Name--Cancer-Cervix Cancer ,State Name--RAJASTHAN,From Month & Year--  January - 2017  UPTO  December - 2017,33,,Karauli,0,0,0,0,0,0,0,0,0,0,0,0
29/04/2021,Disease Name--Cancer-Breast Cancer ,State Name--RAJASTHAN,From Month & Year--  January - 2017  UPTO  December - 2017,33,,Karauli,0,0,0,0,0,0,0,0,0,0,0,0
29/04/2021,Disease Name--Cancer-Breast Cancer ,State Name--RAJASTHAN,From Month & Year--  January - 2017  UPTO  December - 2017,33,,Karauli,0,0,0,0,0,0,0,0,0,0,0,0
29/04/2021,Disease Name--Cancer-Breast Cancer ,State Name--RAJASTHAN,From Month & Year--  January - 2017  UPTO  December - 2017,33,,Karauli,0,0,0,0,0,0,0,0,0,0,0,0
29/04/2021,Disease Name--Cancer-Breast Cancer ,State Name--RAJASTHAN,From Month & Year--  January - 2017  UPTO  December - 2017,33,,Karauli,0,0,0,0,0,0,0,0,0,0,0,0
29/04/2021,Disease Name--Cancer-Breast Cancer ,State Name--RAJASTHAN,From Month & Year--  January - 2017  UPTO  December - 2017,33,,Karauli,0,0,0,0,0,0,0,0,0,0,0,0
29/04/2021,Disease Name--Cancer-Breast Cancer ,State Name--RAJASTHAN,From Month & Year--  January - 2017  UPTO  December - 2017,33,,Karauli,0,0,0,0,0,0,0,0,0,0,0,0
29/04/2021,Disease Name--Cancer-Breast Cancer ,State Name--RAJASTHAN,From Month & Year--  January - 2017  UPTO  December - 2017,33,,Karauli,0,0,0,0,0,0,0,0,0,0,0,0
29/04/2021,Disease Name--Cancer-Breast Cancer ,State Name--RAJASTHAN,From Month & Year--  January - 2017  UPTO  December - 2017,33,,Karauli,0,0,0,0,0,0,0,0,0,0,0,0
29/04/2021,Disease Name--Cancer-Breast Cancer ,State Name--RAJASTHAN,From Month & Year--  January - 2017  UPTO  December - 2017,33,,Karauli,0,0,0,0,0,0,0,0,0,0,0,0
29/04/2021,Disease Name--Cancer-Breast Cancer ,State Name--RAJASTHAN,From Month & Year--  January - 2017  UPTO  December - 2017,33,,Karauli,0,0,0,0,0,0,0,0,0,0,0,0
29/04/2021,Disease Name--Cancer-Breast Cancer ,State Name--RAJASTHAN,From Month & Year--  January - 2017  UPTO  December - 2017,33,,Karauli,0,0,0,0,0,0,0,0,0,0,0,0
29/04/2021,Disease Name--Cancer-Breast Cancer ,State Name--RAJASTHAN,From Month & Year--  January - 2017  UPTO  December - 2017,33,,Karauli,0,0,0,0,0,0,0,0,0,0,0,0
29/04/2021,Disease Name--Cancer-Lung Cancer ,State Name--RAJASTHAN,From Month & Year--  January - 2017  UPTO  December - 2017,33,,Karauli,0,0,0,0,0,0,0,0,0,0,0,0
29/04/2021,Disease Name--Cancer-Lung Cancer ,State Name--RAJASTHAN,From Month & Year--  January - 2017  UPTO  December - 2017,33,,Karauli,0,0,0,0,0,0,0,0,0,0,0,0
29/04/2021,Disease Name--Cancer-Lung Cancer ,State Name--RAJASTHAN,From Month & Year--  January - 2017  UPTO  December - 2017,33,,Karauli,0,0,0,0,0,0,0,0,0,0,0,0
29/04/2021,Disease Name--Cancer-Lung Cancer ,State Name--RAJASTHAN,From Month & Year--  January - 2017  UPTO  December - 2017,33,,Karauli,0,0,0,0,0,0,0,0,0,0,0,0
29/04/2021,Disease Name--Cancer-Lung Cancer ,State Name--RAJASTHAN,From Month & Year--  January - 2017  UPTO  December - 2017,33,,Karauli,0,0,0,0,0,0,0,0,0,0,0,0
29/04/2021,Disease Name--Cancer-Lung Cancer ,State Name--RAJASTHAN,From Month & Year--  January - 2017  UPTO  December - 2017,33,,Karauli,0,0,0,0,0,0,0,0,0,0,0,0
29/04/2021,Disease Name--Cancer-Lung Cancer ,State Name--RAJASTHAN,From Month & Year--  January - 2017  UPTO  December - 2017,33,,Karauli,0,0,0,0,0,0,0,0,0,0,0,0
29/04/2021,Disease Name--Cancer-Lung Cancer ,State Name--RAJASTHAN,From Month & Year--  January - 2017  UPTO  December - 2017,33,,Karauli,0,0,0,0,0,0,0,0,0,0,0,0
29/04/2021,Disease Name--Cancer-Lung Cancer ,State Name--RAJASTHAN,From Month & Year--  January - 2017  UPTO  December - 2017,33,,Karauli,0,0,0,0,0,0,0,0,0,0,0,0
29/04/2021,Disease Name--Cancer-Lung Cancer ,State Name--RAJASTHAN,From Month & Year--  January - 2017  UPTO  December - 2017,33,,Karauli,0,0,0,0,0,0,0,0,0,0,0,0
29/04/2021,Disease Name--Cancer-Lung Cancer ,State Name--RAJASTHAN,From Month & Year--  January - 2017  UPTO  December - 2017,33,,Karauli,0,0,0,0,0,0,0,0,0,0,0,0
29/04/2021,Disease Name--Cancer-Lung Cancer ,State Name--RAJASTHAN,From Month & Year--  January - 2017  UPTO  December - 2017,33,,Karauli,0,0,0,0,0,0,0,0,0,0,0,0
29/04/2021,"Disease Name--Cancer-Oral Cancer (Lip, Oral Cavity and Pharynx) ",State Name--RAJASTHAN,From Month & Year--  January - 2017  UPTO  December - 2017,33,,Karauli,2,1,3,2,1,3,2,1,3,2,1,3
29/04/2021,"Disease Name--Cancer-Oral Cancer (Lip, Oral Cavity and Pharynx) ",State Name--RAJASTHAN,From Month & Year--  January - 2017  UPTO  December - 2017,33,,Karauli,2,1,3,2,1,3,2,1,3,2,1,3
29/04/2021,"Disease Name--Cancer-Oral Cancer (Lip, Oral Cavity and Pharynx) ",State Name--RAJASTHAN,From Month & Year--  January - 2017  UPTO  December - 2017,33,,Karauli,2,1,3,2,1,3,2,1,3,2,1,3
29/04/2021,"Disease Name--Cancer-Oral Cancer (Lip, Oral Cavity and Pharynx) ",State Name--RAJASTHAN,From Month & Year--  January - 2017  UPTO  December - 2017,33,,Karauli,2,1,3,2,1,3,2,1,3,2,1,3
29/04/2021,"Disease Name--Cancer-Oral Cancer (Lip, Oral Cavity and Pharynx) ",State Name--RAJASTHAN,From Month & Year--  January - 2017  UPTO  December - 2017,33,,Karauli,2,1,3,2,1,3,2,1,3,2,1,3
29/04/2021,"Disease Name--Cancer-Oral Cancer (Lip, Oral Cavity and Pharynx) ",State Name--RAJASTHAN,From Month & Year--  January - 2017  UPTO  December - 2017,33,,Karauli,2,1,3,2,1,3,2,1,3,2,1,3
29/04/2021,"Disease Name--Cancer-Oral Cancer (Lip, Oral Cavity and Pharynx) ",State Name--RAJASTHAN,From Month & Year--  January - 2017  UPTO  December - 2017,33,,Karauli,2,1,3,2,1,3,2,1,3,2,1,3
29/04/2021,"Disease Name--Cancer-Oral Cancer (Lip, Oral Cavity and Pharynx) ",State Name--RAJASTHAN,From Month & Year--  January - 2017  UPTO  December - 2017,33,,Karauli,2,1,3,2,1,3,2,1,3,2,1,3
29/04/2021,"Disease Name--Cancer-Oral Cancer (Lip, Oral Cavity and Pharynx) ",State Name--RAJASTHAN,From Month & Year--  January - 2017  UPTO  December - 2017,33,,Karauli,2,1,3,2,1,3,2,1,3,2,1,3
29/04/2021,"Disease Name--Cancer-Oral Cancer (Lip, Oral Cavity and Pharynx) ",State Name--RAJASTHAN,From Month & Year--  January - 2017  UPTO  December - 2017,33,,Karauli,2,1,3,2,1,3,2,1,3,2,1,3
29/04/2021,"Disease Name--Cancer-Oral Cancer (Lip, Oral Cavity and Pharynx) ",State Name--RAJASTHAN,From Month & Year--  January - 2017  UPTO  December - 2017,33,,Karauli,2,1,3,2,1,3,2,1,3,2,1,3
29/04/2021,"Disease Name--Cancer-Oral Cancer (Lip, Oral Cavity and Pharynx) ",State Name--RAJASTHAN,From Month & Year--  January - 2017  UPTO  December - 2017,33,,Karauli,2,1,3,2,1,3,2,1,3,2,1,3
29/04/2021,Disease Name--Cancer-Other  Cancers(excluding 7.1 to 7.4),State Name--RAJASTHAN,From Month & Year--  January - 2017  UPTO  December - 2017,33,,Karauli,0,0,0,0,0,0,0,0,0,0,0,0
29/04/2021,Disease Name--Cancer-Other  Cancers(excluding 7.1 to 7.4),State Name--RAJASTHAN,From Month & Year--  January - 2017  UPTO  December - 2017,33,,Karauli,0,0,0,0,0,0,0,0,0,0,0,0
29/04/2021,Disease Name--Cancer-Other  Cancers(excluding 7.1 to 7.4),State Name--RAJASTHAN,From Month & Year--  January - 2017  UPTO  December - 2017,33,,Karauli,0,0,0,0,0,0,0,0,0,0,0,0
29/04/2021,Disease Name--Cancer-Other  Cancers(excluding 7.1 to 7.4),State Name--RAJASTHAN,From Month & Year--  January - 2017  UPTO  December - 2017,33,,Karauli,0,0,0,0,0,0,0,0,0,0,0,0
29/04/2021,Disease Name--Cancer-Other  Cancers(excluding 7.1 to 7.4),State Name--RAJASTHAN,From Month & Year--  January - 2017  UPTO  December - 2017,33,,Karauli,0,0,0,0,0,0,0,0,0,0,0,0
29/04/2021,Disease Name--Cancer-Other  Cancers(excluding 7.1 to 7.4),State Name--RAJASTHAN,From Month & Year--  January - 2017  UPTO  December - 2017,33,,Karauli,0,0,0,0,0,0,0,0,0,0,0,0
29/04/2021,Disease Name--Cancer-Other  Cancers(excluding 7.1 to 7.4),State Name--RAJASTHAN,From Month & Year--  January - 2017  UPTO  December - 2017,33,,Karauli,0,0,0,0,0,0,0,0,0,0,0,0
29/04/2021,Disease Name--Cancer-Other  Cancers(excluding 7.1 to 7.4),State Name--RAJASTHAN,From Month & Year--  January - 2017  UPTO  December - 2017,33,,Karauli,0,0,0,0,0,0,0,0,0,0,0,0
29/04/2021,Disease Name--Cancer-Other  Cancers(excluding 7.1 to 7.4),State Name--RAJASTHAN,From Month & Year--  January - 2017  UPTO  December - 2017,33,,Karauli,0,0,0,0,0,0,0,0,0,0,0,0
29/04/2021,Disease Name--Cancer-Other  Cancers(excluding 7.1 to 7.4),State Name--RAJASTHAN,From Month & Year--  January - 2017  UPTO  December - 2017,33,,Karauli,0,0,0,0,0,0,0,0,0,0,0,0
29/04/2021,Disease Name--Cancer-Other  Cancers(excluding 7.1 to 7.4),State Name--RAJASTHAN,From Month & Year--  January - 2017  UPTO  December - 2017,33,,Karauli,0,0,0,0,0,0,0,0,0,0,0,0
29/04/2021,Disease Name--Cancer-Other  Cancers(excluding 7.1 to 7.4),State Name--RAJASTHAN,From Month & Year--  January - 2017  UPTO  December - 2017,33,,Karauli,0,0,0,0,0,0,0,0,0,0,0,0
29/04/2021,Disease Name--Cardio Vascular Diseases-Rheumatic Fever,State Name--RAJASTHAN,From Month & Year--  January - 2017  UPTO  December - 2017,33,,Karauli,276,178,454,0,0,0,276,178,454,0,0,0
29/04/2021,Disease Name--Cardio Vascular Diseases-Rheumatic Fever,State Name--RAJASTHAN,From Month & Year--  January - 2017  UPTO  December - 2017,33,,Karauli,276,178,454,0,0,0,276,178,454,0,0,0
29/04/2021,Disease Name--Cardio Vascular Diseases-Rheumatic Fever,State Name--RAJASTHAN,From Month & Year--  January - 2017  UPTO  December - 2017,33,,Karauli,276,178,454,0,0,0,276,178,454,0,0,0
29/04/2021,Disease Name--Cardio Vascular Diseases-Rheumatic Fever,State Name--RAJASTHAN,From Month & Year--  January - 2017  UPTO  December - 2017,33,,Karauli,276,178,454,0,0,0,276,178,454,0,0,0
29/04/2021,Disease Name--Cardio Vascular Diseases-Rheumatic Fever,State Name--RAJASTHAN,From Month & Year--  January - 2017  UPTO  December - 2017,33,,Karauli,276,178,454,0,0,0,276,178,454,0,0,0
29/04/2021,Disease Name--Cardio Vascular Diseases-Rheumatic Fever,State Name--RAJASTHAN,From Month & Year--  January - 2017  UPTO  December - 2017,33,,Karauli,276,178,454,0,0,0,276,178,454,0,0,0
29/04/2021,Disease Name--Cardio Vascular Diseases-Rheumatic Fever,State Name--RAJASTHAN,From Month & Year--  January - 2017  UPTO  December - 2017,33,,Karauli,276,178,454,0,0,0,276,178,454,0,0,0
29/04/2021,Disease Name--Cardio Vascular Diseases-Rheumatic Fever,State Name--RAJASTHAN,From Month & Year--  January - 2017  UPTO  December - 2017,33,,Karauli,276,178,454,0,0,0,276,178,454,0,0,0
29/04/2021,Disease Name--Cardio Vascular Diseases-Rheumatic Fever,State Name--RAJASTHAN,From Month & Year--  January - 2017  UPTO  December - 2017,33,,Karauli,276,178,454,0,0,0,276,178,454,0,0,0
29/04/2021,Disease Name--Cardio Vascular Diseases-Rheumatic Fever,State Name--RAJASTHAN,From Month & Year--  January - 2017  UPTO  December - 2017,33,,Karauli,276,178,454,0,0,0,276,178,454,0,0,0
29/04/2021,Disease Name--Cardio Vascular Diseases-Rheumatic Fever,State Name--RAJASTHAN,From Month & Year--  January - 2017  UPTO  December - 2017,33,,Karauli,276,178,454,0,0,0,276,178,454,0,0,0
29/04/2021,Disease Name--Cardio Vascular Diseases-Rheumatic Fever,State Name--RAJASTHAN,From Month & Year--  January - 2017  UPTO  December - 2017,33,,Karauli,276,178,454,0,0,0,276,178,454,0,0,0
29/04/2021,Disease Name--Cardio Vascular Diseases- Hypertension,State Name--RAJASTHAN,From Month & Year--  January - 2017  UPTO  December - 2017,33,,Karauli,6149,3339,9488,2,3,5,6149,3339,9488,2,3,5
29/04/2021,Disease Name--Cardio Vascular Diseases- Hypertension,State Name--RAJASTHAN,From Month & Year--  January - 2017  UPTO  December - 2017,33,,Karauli,6149,3339,9488,2,3,5,6149,3339,9488,2,3,5
29/04/2021,Disease Name--Cardio Vascular Diseases- Hypertension,State Name--RAJASTHAN,From Month & Year--  January - 2017  UPTO  December - 2017,33,,Karauli,6149,3339,9488,2,3,5,6149,3339,9488,2,3,5
29/04/2021,Disease Name--Cardio Vascular Diseases- Hypertension,State Name--RAJASTHAN,From Month & Year--  January - 2017  UPTO  December - 2017,33,,Karauli,6149,3339,9488,2,3,5,6149,3339,9488,2,3,5
29/04/2021,Disease Name--Cardio Vascular Diseases- Hypertension,State Name--RAJASTHAN,From Month & Year--  January - 2017  UPTO  December - 2017,33,,Karauli,6149,3339,9488,2,3,5,6149,3339,9488,2,3,5
29/04/2021,Disease Name--Cardio Vascular Diseases- Hypertension,State Name--RAJASTHAN,From Month & Year--  January - 2017  UPTO  December - 2017,33,,Karauli,6149,3339,9488,2,3,5,6149,3339,9488,2,3,5
29/04/2021,Disease Name--Cardio Vascular Diseases- Hypertension,State Name--RAJASTHAN,From Month & Year--  January - 2017  UPTO  December - 2017,33,,Karauli,6149,3339,9488,2,3,5,6149,3339,9488,2,3,5
29/04/2021,Disease Name--Cardio Vascular Diseases- Hypertension,State Name--RAJASTHAN,From Month & Year--  January - 2017  UPTO  December - 2017,33,,Karauli,6149,3339,9488,2,3,5,6149,3339,9488,2,3,5
29/04/2021,Disease Name--Cardio Vascular Diseases- Hypertension,State Name--RAJASTHAN,From Month & Year--  January - 2017  UPTO  December - 2017,33,,Karauli,6149,3339,9488,2,3,5,6149,3339,9488,2,3,5
29/04/2021,Disease Name--Cardio Vascular Diseases- Hypertension,State Name--RAJASTHAN,From Month & Year--  January - 2017  UPTO  December - 2017,33,,Karauli,6149,3339,9488,2,3,5,6149,3339,9488,2,3,5
29/04/2021,Disease Name--Cardio Vascular Diseases- Hypertension,State Name--RAJASTHAN,From Month & Year--  January - 2017  UPTO  December - 2017,33,,Karauli,6149,3339,9488,2,3,5,6149,3339,9488,2,3,5
29/04/2021,Disease Name--Cardio Vascular Diseases- Hypertension,State Name--RAJASTHAN,From Month & Year--  January - 2017  UPTO  December - 2017,33,,Karauli,6149,3339,9488,2,3,5,6149,3339,9488,2,3,5
29/04/2021,Disease Name--Cardio Vascular Diseases-Ischemic Heart  Diseases,State Name--RAJASTHAN,From Month & Year--  January - 2017  UPTO  December - 2017,33,,Karauli,157,99,256,0,0,0,157,99,256,0,0,0
29/04/2021,Disease Name--Cardio Vascular Diseases-Ischemic Heart  Diseases,State Name--RAJASTHAN,From Month & Year--  January - 2017  UPTO  December - 2017,33,,Karauli,157,99,256,0,0,0,157,99,256,0,0,0
29/04/2021,Disease Name--Cardio Vascular Diseases-Ischemic Heart  Diseases,State Name--RAJASTHAN,From Month & Year--  January - 2017  UPTO  December - 2017,33,,Karauli,157,99,256,0,0,0,157,99,256,0,0,0
29/04/2021,Disease Name--Cardio Vascular Diseases-Ischemic Heart  Diseases,State Name--RAJASTHAN,From Month & Year--  January - 2017  UPTO  December - 2017,33,,Karauli,157,99,256,0,0,0,157,99,256,0,0,0
29/04/2021,Disease Name--Cardio Vascular Diseases-Ischemic Heart  Diseases,State Name--RAJASTHAN,From Month & Year--  January - 2017  UPTO  December - 2017,33,,Karauli,157,99,256,0,0,0,157,99,256,0,0,0
29/04/2021,Disease Name--Cardio Vascular Diseases-Ischemic Heart  Diseases,State Name--RAJASTHAN,From Month & Year--  January - 2017  UPTO  December - 2017,33,,Karauli,157,99,256,0,0,0,157,99,256,0,0,0
29/04/2021,Disease Name--Cardio Vascular Diseases-Ischemic Heart  Diseases,State Name--RAJASTHAN,From Month & Year--  January - 2017  UPTO  December - 2017,33,,Karauli,157,99,256,0,0,0,157,99,256,0,0,0
29/04/2021,Disease Name--Cardio Vascular Diseases-Ischemic Heart  Diseases,State Name--RAJASTHAN,From Month & Year--  January - 2017  UPTO  December - 2017,33,,Karauli,157,99,256,0,0,0,157,99,256,0,0,0
29/04/2021,Disease Name--Cardio Vascular Diseases-Ischemic Heart  Diseases,State Name--RAJASTHAN,From Month & Year--  January - 2017  UPTO  December - 2017,33,,Karauli,157,99,256,0,0,0,157,99,256,0,0,0
29/04/2021,Disease Name--Cardio Vascular Diseases-Ischemic Heart  Diseases,State Name--RAJASTHAN,From Month & Year--  January - 2017  UPTO  December - 2017,33,,Karauli,157,99,256,0,0,0,157,99,256,0,0,0
29/04/2021,Disease Name--Cardio Vascular Diseases-Ischemic Heart  Diseases,State Name--RAJASTHAN,From Month & Year--  January - 2017  UPTO  December - 2017,33,,Karauli,157,99,256,0,0,0,157,99,256,0,0,0
29/04/2021,Disease Name--Cardio Vascular Diseases-Ischemic Heart  Diseases,State Name--RAJASTHAN,From Month & Year--  January - 2017  UPTO  December - 2017,33,,Karauli,157,99,256,0,0,0,157,99,256,0,0,0
29/04/2021,Disease Name--Cardio Vascular Diseases-Congenital Heart Disease,State Name--RAJASTHAN,From Month & Year--  January - 2017  UPTO  December - 2017,33,,Karauli,56,33,89,2,1,3,56,33,89,2,1,3
29/04/2021,Disease Name--Cardio Vascular Diseases-Congenital Heart Disease,State Name--RAJASTHAN,From Month & Year--  January - 2017  UPTO  December - 2017,33,,Karauli,56,33,89,2,1,3,56,33,89,2,1,3
29/04/2021,Disease Name--Cardio Vascular Diseases-Congenital Heart Disease,State Name--RAJASTHAN,From Month & Year--  January - 2017  UPTO  December - 2017,33,,Karauli,56,33,89,2,1,3,56,33,89,2,1,3
29/04/2021,Disease Name--Cardio Vascular Diseases-Congenital Heart Disease,State Name--RAJASTHAN,From Month & Year--  January - 2017  UPTO  December - 2017,33,,Karauli,56,33,89,2,1,3,56,33,89,2,1,3
29/04/2021,Disease Name--Cardio Vascular Diseases-Congenital Heart Disease,State Name--RAJASTHAN,From Month & Year--  January - 2017  UPTO  December - 2017,33,,Karauli,56,33,89,2,1,3,56,33,89,2,1,3
29/04/2021,Disease Name--Cardio Vascular Diseases-Congenital Heart Disease,State Name--RAJASTHAN,From Month & Year--  January - 2017  UPTO  December - 2017,33,,Karauli,56,33,89,2,1,3,56,33,89,2,1,3
29/04/2021,Disease Name--Cardio Vascular Diseases-Congenital Heart Disease,State Name--RAJASTHAN,From Month & Year--  January - 2017  UPTO  December - 2017,33,,Karauli,56,33,89,2,1,3,56,33,89,2,1,3
29/04/2021,Disease Name--Cardio Vascular Diseases-Congenital Heart Disease,State Name--RAJASTHAN,From Month & Year--  January - 2017  UPTO  December - 2017,33,,Karauli,56,33,89,2,1,3,56,33,89,2,1,3
29/04/2021,Disease Name--Cardio Vascular Diseases-Congenital Heart Disease,State Name--RAJASTHAN,From Month & Year--  January - 2017  UPTO  December - 2017,33,,Karauli,56,33,89,2,1,3,56,33,89,2,1,3
29/04/2021,Disease Name--Cardio Vascular Diseases-Congenital Heart Disease,State Name--RAJASTHAN,From Month & Year--  January - 2017  UPTO  December - 2017,33,,Karauli,56,33,89,2,1,3,56,33,89,2,1,3
29/04/2021,Disease Name--Cardio Vascular Diseases-Congenital Heart Disease,State Name--RAJASTHAN,From Month & Year--  January - 2017  UPTO  December - 2017,33,,Karauli,56,33,89,2,1,3,56,33,89,2,1,3
29/04/2021,Disease Name--Cardio Vascular Diseases-Congenital Heart Disease,State Name--RAJASTHAN,From Month & Year--  January - 2017  UPTO  December - 2017,33,,Karauli,56,33,89,2,1,3,56,33,89,2,1,3
29/04/2021,Disease Name--Cardio Vascular Diseases-Other Cardio Vascular Diseases,State Name--RAJASTHAN,From Month & Year--  January - 2017  UPTO  December - 2017,33,,Karauli,1515,995,2510,0,0,0,1515,995,2510,0,0,0
29/04/2021,Disease Name--Cardio Vascular Diseases-Other Cardio Vascular Diseases,State Name--RAJASTHAN,From Month & Year--  January - 2017  UPTO  December - 2017,33,,Karauli,1515,995,2510,0,0,0,1515,995,2510,0,0,0
29/04/2021,Disease Name--Cardio Vascular Diseases-Other Cardio Vascular Diseases,State Name--RAJASTHAN,From Month & Year--  January - 2017  UPTO  December - 2017,33,,Karauli,1515,995,2510,0,0,0,1515,995,2510,0,0,0
29/04/2021,Disease Name--Cardio Vascular Diseases-Other Cardio Vascular Diseases,State Name--RAJASTHAN,From Month & Year--  January - 2017  UPTO  December - 2017,33,,Karauli,1515,995,2510,0,0,0,1515,995,2510,0,0,0
29/04/2021,Disease Name--Cardio Vascular Diseases-Other Cardio Vascular Diseases,State Name--RAJASTHAN,From Month & Year--  January - 2017  UPTO  December - 2017,33,,Karauli,1515,995,2510,0,0,0,1515,995,2510,0,0,0
29/04/2021,Disease Name--Cardio Vascular Diseases-Other Cardio Vascular Diseases,State Name--RAJASTHAN,From Month & Year--  January - 2017  UPTO  December - 2017,33,,Karauli,1515,995,2510,0,0,0,1515,995,2510,0,0,0
29/04/2021,Disease Name--Cardio Vascular Diseases-Other Cardio Vascular Diseases,State Name--RAJASTHAN,From Month & Year--  January - 2017  UPTO  December - 2017,33,,Karauli,1515,995,2510,0,0,0,1515,995,2510,0,0,0
29/04/2021,Disease Name--Cardio Vascular Diseases-Other Cardio Vascular Diseases,State Name--RAJASTHAN,From Month & Year--  January - 2017  UPTO  December - 2017,33,,Karauli,1515,995,2510,0,0,0,1515,995,2510,0,0,0
29/04/2021,Disease Name--Cardio Vascular Diseases-Other Cardio Vascular Diseases,State Name--RAJASTHAN,From Month & Year--  January - 2017  UPTO  December - 2017,33,,Karauli,1515,995,2510,0,0,0,1515,995,2510,0,0,0
29/04/2021,Disease Name--Cardio Vascular Diseases-Other Cardio Vascular Diseases,State Name--RAJASTHAN,From Month & Year--  January - 2017  UPTO  December - 2017,33,,Karauli,1515,995,2510,0,0,0,1515,995,2510,0,0,0
29/04/2021,Disease Name--Cardio Vascular Diseases-Other Cardio Vascular Diseases,State Name--RAJASTHAN,From Month & Year--  January - 2017  UPTO  December - 2017,33,,Karauli,1515,995,2510,0,0,0,1515,995,2510,0,0,0
29/04/2021,Disease Name--Cardio Vascular Diseases-Other Cardio Vascular Diseases,State Name--RAJASTHAN,From Month & Year--  January - 2017  UPTO  December - 2017,33,,Karauli,1515,995,2510,0,0,0,1515,995,2510,0,0,0
29/04/2021,Disease Name--Diabetes Mellitus- Type 1 ,State Name--RAJASTHAN,From Month & Year--  January - 2017  UPTO  December - 2017,33,,Karauli,42,25,67,0,0,0,42,25,67,0,0,0
29/04/2021,Disease Name--Diabetes Mellitus- Type 1 ,State Name--RAJASTHAN,From Month & Year--  January - 2017  UPTO  December - 2017,33,,Karauli,42,25,67,0,0,0,42,25,67,0,0,0
29/04/2021,Disease Name--Diabetes Mellitus- Type 1 ,State Name--RAJASTHAN,From Month & Year--  January - 2017  UPTO  December - 2017,33,,Karauli,42,25,67,0,0,0,42,25,67,0,0,0
29/04/2021,Disease Name--Diabetes Mellitus- Type 1 ,State Name--RAJASTHAN,From Month & Year--  January - 2017  UPTO  December - 2017,33,,Karauli,42,25,67,0,0,0,42,25,67,0,0,0
29/04/2021,Disease Name--Diabetes Mellitus- Type 1 ,State Name--RAJASTHAN,From Month & Year--  January - 2017  UPTO  December - 2017,33,,Karauli,42,25,67,0,0,0,42,25,67,0,0,0
29/04/2021,Disease Name--Diabetes Mellitus- Type 1 ,State Name--RAJASTHAN,From Month & Year--  January - 2017  UPTO  December - 2017,33,,Karauli,42,25,67,0,0,0,42,25,67,0,0,0
29/04/2021,Disease Name--Diabetes Mellitus- Type 1 ,State Name--RAJASTHAN,From Month & Year--  January - 2017  UPTO  December - 2017,33,,Karauli,42,25,67,0,0,0,42,25,67,0,0,0
29/04/2021,Disease Name--Diabetes Mellitus- Type 1 ,State Name--RAJASTHAN,From Month & Year--  January - 2017  UPTO  December - 2017,33,,Karauli,42,25,67,0,0,0,42,25,67,0,0,0
29/04/2021,Disease Name--Diabetes Mellitus- Type 1 ,State Name--RAJASTHAN,From Month & Year--  January - 2017  UPTO  December - 2017,33,,Karauli,42,25,67,0,0,0,42,25,67,0,0,0
29/04/2021,Disease Name--Diabetes Mellitus- Type 1 ,State Name--RAJASTHAN,From Month & Year--  January - 2017  UPTO  December - 2017,33,,Karauli,42,25,67,0,0,0,42,25,67,0,0,0
29/04/2021,Disease Name--Diabetes Mellitus- Type 1 ,State Name--RAJASTHAN,From Month & Year--  January - 2017  UPTO  December - 2017,33,,Karauli,42,25,67,0,0,0,42,25,67,0,0,0
29/04/2021,Disease Name--Diabetes Mellitus- Type 1 ,State Name--RAJASTHAN,From Month & Year--  January - 2017  UPTO  December - 2017,33,,Karauli,42,25,67,0,0,0,42,25,67,0,0,0
29/04/2021,Disease Name--Diabetes Mellitus-Type 2 ,State Name--RAJASTHAN,From Month & Year--  January - 2017  UPTO  December - 2017,33,,Karauli,2221,1269,3490,1,0,1,2221,1269,3490,1,0,1
29/04/2021,Disease Name--Diabetes Mellitus-Type 2 ,State Name--RAJASTHAN,From Month & Year--  January - 2017  UPTO  December - 2017,33,,Karauli,2221,1269,3490,1,0,1,2221,1269,3490,1,0,1
29/04/2021,Disease Name--Diabetes Mellitus-Type 2 ,State Name--RAJASTHAN,From Month & Year--  January - 2017  UPTO  December - 2017,33,,Karauli,2221,1269,3490,1,0,1,2221,1269,3490,1,0,1
29/04/2021,Disease Name--Diabetes Mellitus-Type 2 ,State Name--RAJASTHAN,From Month & Year--  January - 2017  UPTO  December - 2017,33,,Karauli,2221,1269,3490,1,0,1,2221,1269,3490,1,0,1
29/04/2021,Disease Name--Diabetes Mellitus-Type 2 ,State Name--RAJASTHAN,From Month & Year--  January - 2017  UPTO  December - 2017,33,,Karauli,2221,1269,3490,1,0,1,2221,1269,3490,1,0,1
29/04/2021,Disease Name--Diabetes Mellitus-Type 2 ,State Name--RAJASTHAN,From Month & Year--  January - 2017  UPTO  December - 2017,33,,Karauli,2221,1269,3490,1,0,1,2221,1269,3490,1,0,1
29/04/2021,Disease Name--Diabetes Mellitus-Type 2 ,State Name--RAJASTHAN,From Month & Year--  January - 2017  UPTO  December - 2017,33,,Karauli,2221,1269,3490,1,0,1,2221,1269,3490,1,0,1
29/04/2021,Disease Name--Diabetes Mellitus-Type 2 ,State Name--RAJASTHAN,From Month & Year--  January - 2017  UPTO  December - 2017,33,,Karauli,2221,1269,3490,1,0,1,2221,1269,3490,1,0,1
29/04/2021,Disease Name--Diabetes Mellitus-Type 2 ,State Name--RAJASTHAN,From Month & Year--  January - 2017  UPTO  December - 2017,33,,Karauli,2221,1269,3490,1,0,1,2221,1269,3490,1,0,1
29/04/2021,Disease Name--Diabetes Mellitus-Type 2 ,State Name--RAJASTHAN,From Month & Year--  January - 2017  UPTO  December - 2017,33,,Karauli,2221,1269,3490,1,0,1,2221,1269,3490,1,0,1
29/04/2021,Disease Name--Diabetes Mellitus-Type 2 ,State Name--RAJASTHAN,From Month & Year--  January - 2017  UPTO  December - 2017,33,,Karauli,2221,1269,3490,1,0,1,2221,1269,3490,1,0,1
29/04/2021,Disease Name--Diabetes Mellitus-Type 2 ,State Name--RAJASTHAN,From Month & Year--  January - 2017  UPTO  December - 2017,33,,Karauli,2221,1269,3490,1,0,1,2221,1269,3490,1,0,1
29/04/2021,Disease Name--Lungs Disease-Bronchitis,State Name--RAJASTHAN,From Month & Year--  January - 2017  UPTO  December - 2017,33,,Karauli,21849,13251,35100,0,0,0,21849,13251,35100,0,0,0
29/04/2021,Disease Name--Lungs Disease-Bronchitis,State Name--RAJASTHAN,From Month & Year--  January - 2017  UPTO  December - 2017,33,,Karauli,21849,13251,35100,0,0,0,21849,13251,35100,0,0,0
29/04/2021,Disease Name--Lungs Disease-Bronchitis,State Name--RAJASTHAN,From Month & Year--  January - 2017  UPTO  December - 2017,33,,Karauli,21849,13251,35100,0,0,0,21849,13251,35100,0,0,0
29/04/2021,Disease Name--Lungs Disease-Bronchitis,State Name--RAJASTHAN,From Month & Year--  January - 2017  UPTO  December - 2017,33,,Karauli,21849,13251,35100,0,0,0,21849,13251,35100,0,0,0
29/04/2021,Disease Name--Lungs Disease-Bronchitis,State Name--RAJASTHAN,From Month & Year--  January - 2017  UPTO  December - 2017,33,,Karauli,21849,13251,35100,0,0,0,21849,13251,35100,0,0,0
29/04/2021,Disease Name--Lungs Disease-Bronchitis,State Name--RAJASTHAN,From Month & Year--  January - 2017  UPTO  December - 2017,33,,Karauli,21849,13251,35100,0,0,0,21849,13251,35100,0,0,0
29/04/2021,Disease Name--Lungs Disease-Bronchitis,State Name--RAJASTHAN,From Month & Year--  January - 2017  UPTO  December - 2017,33,,Karauli,21849,13251,35100,0,0,0,21849,13251,35100,0,0,0
29/04/2021,Disease Name--Lungs Disease-Bronchitis,State Name--RAJASTHAN,From Month & Year--  January - 2017  UPTO  December - 2017,33,,Karauli,21849,13251,35100,0,0,0,21849,13251,35100,0,0,0
29/04/2021,Disease Name--Lungs Disease-Bronchitis,State Name--RAJASTHAN,From Month & Year--  January - 2017  UPTO  December - 2017,33,,Karauli,21849,13251,35100,0,0,0,21849,13251,35100,0,0,0
29/04/2021,Disease Name--Lungs Disease-Bronchitis,State Name--RAJASTHAN,From Month & Year--  January - 2017  UPTO  December - 2017,33,,Karauli,21849,13251,35100,0,0,0,21849,13251,35100,0,0,0
29/04/2021,Disease Name--Lungs Disease-Bronchitis,State Name--RAJASTHAN,From Month & Year--  January - 2017  UPTO  December - 2017,33,,Karauli,21849,13251,35100,0,0,0,21849,13251,35100,0,0,0
29/04/2021,Disease Name--Lungs Disease-Bronchitis,State Name--RAJASTHAN,From Month & Year--  January - 2017  UPTO  December - 2017,33,,Karauli,21849,13251,35100,0,0,0,21849,13251,35100,0,0,0
29/04/2021,Disease Name--Lungs Disease-Emphysemas,State Name--RAJASTHAN,From Month & Year--  January - 2017  UPTO  December - 2017,33,,Karauli,75,49,124,0,0,0,75,49,124,0,0,0
29/04/2021,Disease Name--Lungs Disease-Emphysemas,State Name--RAJASTHAN,From Month & Year--  January - 2017  UPTO  December - 2017,33,,Karauli,75,49,124,0,0,0,75,49,124,0,0,0
29/04/2021,Disease Name--Lungs Disease-Emphysemas,State Name--RAJASTHAN,From Month & Year--  January - 2017  UPTO  December - 2017,33,,Karauli,75,49,124,0,0,0,75,49,124,0,0,0
29/04/2021,Disease Name--Lungs Disease-Emphysemas,State Name--RAJASTHAN,From Month & Year--  January - 2017  UPTO  December - 2017,33,,Karauli,75,49,124,0,0,0,75,49,124,0,0,0
29/04/2021,Disease Name--Lungs Disease-Emphysemas,State Name--RAJASTHAN,From Month & Year--  January - 2017  UPTO  December - 2017,33,,Karauli,75,49,124,0,0,0,75,49,124,0,0,0
29/04/2021,Disease Name--Lungs Disease-Emphysemas,State Name--RAJASTHAN,From Month & Year--  January - 2017  UPTO  December - 2017,33,,Karauli,75,49,124,0,0,0,75,49,124,0,0,0
29/04/2021,Disease Name--Lungs Disease-Emphysemas,State Name--RAJASTHAN,From Month & Year--  January - 2017  UPTO  December - 2017,33,,Karauli,75,49,124,0,0,0,75,49,124,0,0,0
29/04/2021,Disease Name--Lungs Disease-Emphysemas,State Name--RAJASTHAN,From Month & Year--  January - 2017  UPTO  December - 2017,33,,Karauli,75,49,124,0,0,0,75,49,124,0,0,0
29/04/2021,Disease Name--Lungs Disease-Emphysemas,State Name--RAJASTHAN,From Month & Year--  January - 2017  UPTO  December - 2017,33,,Karauli,75,49,124,0,0,0,75,49,124,0,0,0
29/04/2021,Disease Name--Lungs Disease-Emphysemas,State Name--RAJASTHAN,From Month & Year--  January - 2017  UPTO  December - 2017,33,,Karauli,75,49,124,0,0,0,75,49,124,0,0,0
29/04/2021,Disease Name--Lungs Disease-Emphysemas,State Name--RAJASTHAN,From Month & Year--  January - 2017  UPTO  December - 2017,33,,Karauli,75,49,124,0,0,0,75,49,124,0,0,0
29/04/2021,Disease Name--Lungs Disease-Emphysemas,State Name--RAJASTHAN,From Month & Year--  January - 2017  UPTO  December - 2017,33,,Karauli,75,49,124,0,0,0,75,49,124,0,0,0
29/04/2021,Disease Name--Lungs Disease- Asthma,State Name--RAJASTHAN,From Month & Year--  January - 2017  UPTO  December - 2017,33,,Karauli,10375,5663,16038,53,18,71,10375,5663,16038,53,18,71
29/04/2021,Disease Name--Lungs Disease- Asthma,State Name--RAJASTHAN,From Month & Year--  January - 2017  UPTO  December - 2017,33,,Karauli,10375,5663,16038,53,18,71,10375,5663,16038,53,18,71
29/04/2021,Disease Name--Lungs Disease- Asthma,State Name--RAJASTHAN,From Month & Year--  January - 2017  UPTO  December - 2017,33,,Karauli,10375,5663,16038,53,18,71,10375,5663,16038,53,18,71
29/04/2021,Disease Name--Lungs Disease- Asthma,State Name--RAJASTHAN,From Month & Year--  January - 2017  UPTO  December - 2017,33,,Karauli,10375,5663,16038,53,18,71,10375,5663,16038,53,18,71
29/04/2021,Disease Name--Lungs Disease- Asthma,State Name--RAJASTHAN,From Month & Year--  January - 2017  UPTO  December - 2017,33,,Karauli,10375,5663,16038,53,18,71,10375,5663,16038,53,18,71
29/04/2021,Disease Name--Lungs Disease- Asthma,State Name--RAJASTHAN,From Month & Year--  January - 2017  UPTO  December - 2017,33,,Karauli,10375,5663,16038,53,18,71,10375,5663,16038,53,18,71
29/04/2021,Disease Name--Lungs Disease- Asthma,State Name--RAJASTHAN,From Month & Year--  January - 2017  UPTO  December - 2017,33,,Karauli,10375,5663,16038,53,18,71,10375,5663,16038,53,18,71
29/04/2021,Disease Name--Lungs Disease- Asthma,State Name--RAJASTHAN,From Month & Year--  January - 2017  UPTO  December - 2017,33,,Karauli,10375,5663,16038,53,18,71,10375,5663,16038,53,18,71
29/04/2021,Disease Name--Lungs Disease- Asthma,State Name--RAJASTHAN,From Month & Year--  January - 2017  UPTO  December - 2017,33,,Karauli,10375,5663,16038,53,18,71,10375,5663,16038,53,18,71
29/04/2021,Disease Name--Lungs Disease- Asthma,State Name--RAJASTHAN,From Month & Year--  January - 2017  UPTO  December - 2017,33,,Karauli,10375,5663,16038,53,18,71,10375,5663,16038,53,18,71
29/04/2021,Disease Name--Lungs Disease- Asthma,State Name--RAJASTHAN,From Month & Year--  January - 2017  UPTO  December - 2017,33,,Karauli,10375,5663,16038,53,18,71,10375,5663,16038,53,18,71
29/04/2021,Disease Name--Lungs Disease- Asthma,State Name--RAJASTHAN,From Month & Year--  January - 2017  UPTO  December - 2017,33,,Karauli,10375,5663,16038,53,18,71,10375,5663,16038,53,18,71
29/04/2021,Disease Name--Neurological Disorders-Cerebro Vascular Accident,State Name--RAJASTHAN,From Month & Year--  January - 2017  UPTO  December - 2017,33,,Karauli,43,23,66,3,2,5,43,23,66,3,2,5
29/04/2021,Disease Name--Neurological Disorders-Cerebro Vascular Accident,State Name--RAJASTHAN,From Month & Year--  January - 2017  UPTO  December - 2017,33,,Karauli,43,23,66,3,2,5,43,23,66,3,2,5
29/04/2021,Disease Name--Neurological Disorders-Cerebro Vascular Accident,State Name--RAJASTHAN,From Month & Year--  January - 2017  UPTO  December - 2017,33,,Karauli,43,23,66,3,2,5,43,23,66,3,2,5
29/04/2021,Disease Name--Neurological Disorders-Cerebro Vascular Accident,State Name--RAJASTHAN,From Month & Year--  January - 2017  UPTO  December - 2017,33,,Karauli,43,23,66,3,2,5,43,23,66,3,2,5
29/04/2021,Disease Name--Neurological Disorders-Cerebro Vascular Accident,State Name--RAJASTHAN,From Month & Year--  January - 2017  UPTO  December - 2017,33,,Karauli,43,23,66,3,2,5,43,23,66,3,2,5
29/04/2021,Disease Name--Neurological Disorders-Cerebro Vascular Accident,State Name--RAJASTHAN,From Month & Year--  January - 2017  UPTO  December - 2017,33,,Karauli,43,23,66,3,2,5,43,23,66,3,2,5
29/04/2021,Disease Name--Neurological Disorders-Cerebro Vascular Accident,State Name--RAJASTHAN,From Month & Year--  January - 2017  UPTO  December - 2017,33,,Karauli,43,23,66,3,2,5,43,23,66,3,2,5
29/04/2021,Disease Name--Neurological Disorders-Cerebro Vascular Accident,State Name--RAJASTHAN,From Month & Year--  January - 2017  UPTO  December - 2017,33,,Karauli,43,23,66,3,2,5,43,23,66,3,2,5
29/04/2021,Disease Name--Neurological Disorders-Cerebro Vascular Accident,State Name--RAJASTHAN,From Month & Year--  January - 2017  UPTO  December - 2017,33,,Karauli,43,23,66,3,2,5,43,23,66,3,2,5
29/04/2021,Disease Name--Neurological Disorders-Cerebro Vascular Accident,State Name--RAJASTHAN,From Month & Year--  January - 2017  UPTO  December - 2017,33,,Karauli,43,23,66,3,2,5,43,23,66,3,2,5
29/04/2021,Disease Name--Neurological Disorders-Cerebro Vascular Accident,State Name--RAJASTHAN,From Month & Year--  January - 2017  UPTO  December - 2017,33,,Karauli,43,23,66,3,2,5,43,23,66,3,2,5
29/04/2021,Disease Name--Neurological Disorders-Cerebro Vascular Accident,State Name--RAJASTHAN,From Month & Year--  January - 2017  UPTO  December - 2017,33,,Karauli,43,23,66,3,2,5,43,23,66,3,2,5
29/04/2021,Disease Name--Neurological Disorders-Chronic Neurological Disorder,State Name--RAJASTHAN,From Month & Year--  January - 2017  UPTO  December - 2017,33,,Karauli,450,331,781,0,0,0,450,331,781,0,0,0
29/04/2021,Disease Name--Neurological Disorders-Chronic Neurological Disorder,State Name--RAJASTHAN,From Month & Year--  January - 2017  UPTO  December - 2017,33,,Karauli,450,331,781,0,0,0,450,331,781,0,0,0
29/04/2021,Disease Name--Neurological Disorders-Chronic Neurological Disorder,State Name--RAJASTHAN,From Month & Year--  January - 2017  UPTO  December - 2017,33,,Karauli,450,331,781,0,0,0,450,331,781,0,0,0
29/04/2021,Disease Name--Neurological Disorders-Chronic Neurological Disorder,State Name--RAJASTHAN,From Month & Year--  January - 2017  UPTO  December - 2017,33,,Karauli,450,331,781,0,0,0,450,331,781,0,0,0
29/04/2021,Disease Name--Neurological Disorders-Chronic Neurological Disorder,State Name--RAJASTHAN,From Month & Year--  January - 2017  UPTO  December - 2017,33,,Karauli,450,331,781,0,0,0,450,331,781,0,0,0
29/04/2021,Disease Name--Neurological Disorders-Chronic Neurological Disorder,State Name--RAJASTHAN,From Month & Year--  January - 2017  UPTO  December - 2017,33,,Karauli,450,331,781,0,0,0,450,331,781,0,0,0
29/04/2021,Disease Name--Neurological Disorders-Chronic Neurological Disorder,State Name--RAJASTHAN,From Month & Year--  January - 2017  UPTO  December - 2017,33,,Karauli,450,331,781,0,0,0,450,331,781,0,0,0
29/04/2021,Disease Name--Neurological Disorders-Chronic Neurological Disorder,State Name--RAJASTHAN,From Month & Year--  January - 2017  UPTO  December - 2017,33,,Karauli,450,331,781,0,0,0,450,331,781,0,0,0
29/04/2021,Disease Name--Neurological Disorders-Chronic Neurological Disorder,State Name--RAJASTHAN,From Month & Year--  January - 2017  UPTO  December - 2017,33,,Karauli,450,331,781,0,0,0,450,331,781,0,0,0
29/04/2021,Disease Name--Neurological Disorders-Chronic Neurological Disorder,State Name--RAJASTHAN,From Month & Year--  January - 2017  UPTO  December - 2017,33,,Karauli,450,331,781,0,0,0,450,331,781,0,0,0
29/04/2021,Disease Name--Neurological Disorders-Chronic Neurological Disorder,State Name--RAJASTHAN,From Month & Year--  January - 2017  UPTO  December - 2017,33,,Karauli,450,331,781,0,0,0,450,331,781,0,0,0
29/04/2021,Disease Name--Neurological Disorders-Chronic Neurological Disorder,State Name--RAJASTHAN,From Month & Year--  January - 2017  UPTO  December - 2017,33,,Karauli,450,331,781,0,0,0,450,331,781,0,0,0
29/04/2021,Disease Name--Neurological Disorders-Other Neurological Disorders,State Name--RAJASTHAN,From Month & Year--  January - 2017  UPTO  December - 2017,33,,Karauli,763,546,1309,0,0,0,763,546,1309,0,0,0
29/04/2021,Disease Name--Neurological Disorders-Other Neurological Disorders,State Name--RAJASTHAN,From Month & Year--  January - 2017  UPTO  December - 2017,33,,Karauli,763,546,1309,0,0,0,763,546,1309,0,0,0
29/04/2021,Disease Name--Neurological Disorders-Other Neurological Disorders,State Name--RAJASTHAN,From Month & Year--  January - 2017  UPTO  December - 2017,33,,Karauli,763,546,1309,0,0,0,763,546,1309,0,0,0
29/04/2021,Disease Name--Neurological Disorders-Other Neurological Disorders,State Name--RAJASTHAN,From Month & Year--  January - 2017  UPTO  December - 2017,33,,Karauli,763,546,1309,0,0,0,763,546,1309,0,0,0
29/04/2021,Disease Name--Neurological Disorders-Other Neurological Disorders,State Name--RAJASTHAN,From Month & Year--  January - 2017  UPTO  December - 2017,33,,Karauli,763,546,1309,0,0,0,763,546,1309,0,0,0
29/04/2021,Disease Name--Neurological Disorders-Other Neurological Disorders,State Name--RAJASTHAN,From Month & Year--  January - 2017  UPTO  December - 2017,33,,Karauli,763,546,1309,0,0,0,763,546,1309,0,0,0
29/04/2021,Disease Name--Neurological Disorders-Other Neurological Disorders,State Name--RAJASTHAN,From Month & Year--  January - 2017  UPTO  December - 2017,33,,Karauli,763,546,1309,0,0,0,763,546,1309,0,0,0
29/04/2021,Disease Name--Neurological Disorders-Other Neurological Disorders,State Name--RAJASTHAN,From Month & Year--  January - 2017  UPTO  December - 2017,33,,Karauli,763,546,1309,0,0,0,763,546,1309,0,0,0
29/04/2021,Disease Name--Neurological Disorders-Other Neurological Disorders,State Name--RAJASTHAN,From Month & Year--  January - 2017  UPTO  December - 2017,33,,Karauli,763,546,1309,0,0,0,763,546,1309,0,0,0
29/04/2021,Disease Name--Neurological Disorders-Other Neurological Disorders,State Name--RAJASTHAN,From Month & Year--  January - 2017  UPTO  December - 2017,33,,Karauli,763,546,1309,0,0,0,763,546,1309,0,0,0
29/04/2021,Disease Name--Neurological Disorders-Other Neurological Disorders,State Name--RAJASTHAN,From Month & Year--  January - 2017  UPTO  December - 2017,33,,Karauli,763,546,1309,0,0,0,763,546,1309,0,0,0
29/04/2021,Disease Name--Neurological Disorders-Other Neurological Disorders,State Name--RAJASTHAN,From Month & Year--  January - 2017  UPTO  December - 2017,33,,Karauli,763,546,1309,0,0,0,763,546,1309,0,0,0
29/04/2021,Disease Name--Obesity-Obesity,State Name--RAJASTHAN,From Month & Year--  January - 2017  UPTO  December - 2017,33,,Karauli,0,0,0,0,0,0,0,0,0,0,0,0
29/04/2021,Disease Name--Obesity-Obesity,State Name--RAJASTHAN,From Month & Year--  January - 2017  UPTO  December - 2017,33,,Karauli,0,0,0,0,0,0,0,0,0,0,0,0
29/04/2021,Disease Name--Obesity-Obesity,State Name--RAJASTHAN,From Month & Year--  January - 2017  UPTO  December - 2017,33,,Karauli,0,0,0,0,0,0,0,0,0,0,0,0
29/04/2021,Disease Name--Obesity-Obesity,State Name--RAJASTHAN,From Month & Year--  January - 2017  UPTO  December - 2017,33,,Karauli,0,0,0,0,0,0,0,0,0,0,0,0
29/04/2021,Disease Name--Obesity-Obesity,State Name--RAJASTHAN,From Month & Year--  January - 2017  UPTO  December - 2017,33,,Karauli,0,0,0,0,0,0,0,0,0,0,0,0
29/04/2021,Disease Name--Obesity-Obesity,State Name--RAJASTHAN,From Month & Year--  January - 2017  UPTO  December - 2017,33,,Karauli,0,0,0,0,0,0,0,0,0,0,0,0
29/04/2021,Disease Name--Obesity-Obesity,State Name--RAJASTHAN,From Month & Year--  January - 2017  UPTO  December - 2017,33,,Karauli,0,0,0,0,0,0,0,0,0,0,0,0
29/04/2021,Disease Name--Obesity-Obesity,State Name--RAJASTHAN,From Month & Year--  January - 2017  UPTO  December - 2017,33,,Karauli,0,0,0,0,0,0,0,0,0,0,0,0
29/04/2021,Disease Name--Obesity-Obesity,State Name--RAJASTHAN,From Month & Year--  January - 2017  UPTO  December - 2017,33,,Karauli,0,0,0,0,0,0,0,0,0,0,0,0
29/04/2021,Disease Name--Obesity-Obesity,State Name--RAJASTHAN,From Month & Year--  January - 2017  UPTO  December - 2017,33,,Karauli,0,0,0,0,0,0,0,0,0,0,0,0
29/04/2021,Disease Name--Obesity-Obesity,State Name--RAJASTHAN,From Month & Year--  January - 2017  UPTO  December - 2017,33,,Karauli,0,0,0,0,0,0,0,0,0,0,0,0
29/04/2021,Disease Name--Obesity-Obesity,State Name--RAJASTHAN,From Month & Year--  January - 2017  UPTO  December - 2017,33,,Karauli,0,0,0,0,0,0,0,0,0,0,0,0
29/04/2021,Disease Name--Psychiatric Disorder-Common Mental Disorders,State Name--RAJASTHAN,From Month & Year--  January - 2017  UPTO  December - 2017,33,,Karauli,373,280,653,0,0,0,373,280,653,0,0,0
29/04/2021,Disease Name--Psychiatric Disorder-Common Mental Disorders,State Name--RAJASTHAN,From Month & Year--  January - 2017  UPTO  December - 2017,33,,Karauli,373,280,653,0,0,0,373,280,653,0,0,0
29/04/2021,Disease Name--Psychiatric Disorder-Common Mental Disorders,State Name--RAJASTHAN,From Month & Year--  January - 2017  UPTO  December - 2017,33,,Karauli,373,280,653,0,0,0,373,280,653,0,0,0
29/04/2021,Disease Name--Psychiatric Disorder-Common Mental Disorders,State Name--RAJASTHAN,From Month & Year--  January - 2017  UPTO  December - 2017,33,,Karauli,373,280,653,0,0,0,373,280,653,0,0,0
29/04/2021,Disease Name--Psychiatric Disorder-Common Mental Disorders,State Name--RAJASTHAN,From Month & Year--  January - 2017  UPTO  December - 2017,33,,Karauli,373,280,653,0,0,0,373,280,653,0,0,0
29/04/2021,Disease Name--Psychiatric Disorder-Common Mental Disorders,State Name--RAJASTHAN,From Month & Year--  January - 2017  UPTO  December - 2017,33,,Karauli,373,280,653,0,0,0,373,280,653,0,0,0
29/04/2021,Disease Name--Psychiatric Disorder-Common Mental Disorders,State Name--RAJASTHAN,From Month & Year--  January - 2017  UPTO  December - 2017,33,,Karauli,373,280,653,0,0,0,373,280,653,0,0,0
29/04/2021,Disease Name--Psychiatric Disorder-Common Mental Disorders,State Name--RAJASTHAN,From Month & Year--  January - 2017  UPTO  December - 2017,33,,Karauli,373,280,653,0,0,0,373,280,653,0,0,0
29/04/2021,Disease Name--Psychiatric Disorder-Common Mental Disorders,State Name--RAJASTHAN,From Month & Year--  January - 2017  UPTO  December - 2017,33,,Karauli,373,280,653,0,0,0,373,280,653,0,0,0
29/04/2021,Disease Name--Psychiatric Disorder-Common Mental Disorders,State Name--RAJASTHAN,From Month & Year--  January - 2017  UPTO  December - 2017,33,,Karauli,373,280,653,0,0,0,373,280,653,0,0,0
29/04/2021,Disease Name--Psychiatric Disorder-Common Mental Disorders,State Name--RAJASTHAN,From Month & Year--  January - 2017  UPTO  December - 2017,33,,Karauli,373,280,653,0,0,0,373,280,653,0,0,0
29/04/2021,Disease Name--Psychiatric Disorder-Common Mental Disorders,State Name--RAJASTHAN,From Month & Year--  January - 2017  UPTO  December - 2017,33,,Karauli,373,280,653,0,0,0,373,280,653,0,0,0
29/04/2021,Disease Name--Psychiatric Disorder-Severe Mental Disorders,State Name--RAJASTHAN,From Month & Year--  January - 2017  UPTO  December - 2017,33,,Karauli,38,26,64,0,0,0,38,26,64,0,0,0
29/04/2021,Disease Name--Psychiatric Disorder-Severe Mental Disorders,State Name--RAJASTHAN,From Month & Year--  January - 2017  UPTO  December - 2017,33,,Karauli,38,26,64,0,0,0,38,26,64,0,0,0
29/04/2021,Disease Name--Psychiatric Disorder-Severe Mental Disorders,State Name--RAJASTHAN,From Month & Year--  January - 2017  UPTO  December - 2017,33,,Karauli,38,26,64,0,0,0,38,26,64,0,0,0
29/04/2021,Disease Name--Psychiatric Disorder-Severe Mental Disorders,State Name--RAJASTHAN,From Month & Year--  January - 2017  UPTO  December - 2017,33,,Karauli,38,26,64,0,0,0,38,26,64,0,0,0
29/04/2021,Disease Name--Psychiatric Disorder-Severe Mental Disorders,State Name--RAJASTHAN,From Month & Year--  January - 2017  UPTO  December - 2017,33,,Karauli,38,26,64,0,0,0,38,26,64,0,0,0
29/04/2021,Disease Name--Psychiatric Disorder-Severe Mental Disorders,State Name--RAJASTHAN,From Month & Year--  January - 2017  UPTO  December - 2017,33,,Karauli,38,26,64,0,0,0,38,26,64,0,0,0
29/04/2021,Disease Name--Psychiatric Disorder-Severe Mental Disorders,State Name--RAJASTHAN,From Month & Year--  January - 2017  UPTO  December - 2017,33,,Karauli,38,26,64,0,0,0,38,26,64,0,0,0
29/04/2021,Disease Name--Psychiatric Disorder-Severe Mental Disorders,State Name--RAJASTHAN,From Month & Year--  January - 2017  UPTO  December - 2017,33,,Karauli,38,26,64,0,0,0,38,26,64,0,0,0
29/04/2021,Disease Name--Psychiatric Disorder-Severe Mental Disorders,State Name--RAJASTHAN,From Month & Year--  January - 2017  UPTO  December - 2017,33,,Karauli,38,26,64,0,0,0,38,26,64,0,0,0
29/04/2021,Disease Name--Psychiatric Disorder-Severe Mental Disorders,State Name--RAJASTHAN,From Month & Year--  January - 2017  UPTO  December - 2017,33,,Karauli,38,26,64,0,0,0,38,26,64,0,0,0
29/04/2021,Disease Name--Psychiatric Disorder-Severe Mental Disorders,State Name--RAJASTHAN,From Month & Year--  January - 2017  UPTO  December - 2017,33,,Karauli,38,26,64,0,0,0,38,26,64,0,0,0
29/04/2021,Disease Name--Psychiatric Disorder-Severe Mental Disorders,State Name--RAJASTHAN,From Month & Year--  January - 2017  UPTO  December - 2017,33,,Karauli,38,26,64,0,0,0,38,26,64,0,0,0
29/04/2021,Disease Name--Renal Failure-Acute Renal Failure,State Name--RAJASTHAN,From Month & Year--  January - 2017  UPTO  December - 2017,33,,Karauli,58,34,92,0,0,0,58,34,92,0,0,0
29/04/2021,Disease Name--Renal Failure-Acute Renal Failure,State Name--RAJASTHAN,From Month & Year--  January - 2017  UPTO  December - 2017,33,,Karauli,58,34,92,0,0,0,58,34,92,0,0,0
29/04/2021,Disease Name--Renal Failure-Acute Renal Failure,State Name--RAJASTHAN,From Month & Year--  January - 2017  UPTO  December - 2017,33,,Karauli,58,34,92,0,0,0,58,34,92,0,0,0
29/04/2021,Disease Name--Renal Failure-Acute Renal Failure,State Name--RAJASTHAN,From Month & Year--  January - 2017  UPTO  December - 2017,33,,Karauli,58,34,92,0,0,0,58,34,92,0,0,0
29/04/2021,Disease Name--Renal Failure-Acute Renal Failure,State Name--RAJASTHAN,From Month & Year--  January - 2017  UPTO  December - 2017,33,,Karauli,58,34,92,0,0,0,58,34,92,0,0,0
29/04/2021,Disease Name--Renal Failure-Acute Renal Failure,State Name--RAJASTHAN,From Month & Year--  January - 2017  UPTO  December - 2017,33,,Karauli,58,34,92,0,0,0,58,34,92,0,0,0
29/04/2021,Disease Name--Renal Failure-Acute Renal Failure,State Name--RAJASTHAN,From Month & Year--  January - 2017  UPTO  December - 2017,33,,Karauli,58,34,92,0,0,0,58,34,92,0,0,0
29/04/2021,Disease Name--Renal Failure-Acute Renal Failure,State Name--RAJASTHAN,From Month & Year--  January - 2017  UPTO  December - 2017,33,,Karauli,58,34,92,0,0,0,58,34,92,0,0,0
29/04/2021,Disease Name--Renal Failure-Acute Renal Failure,State Name--RAJASTHAN,From Month & Year--  January - 2017  UPTO  December - 2017,33,,Karauli,58,34,92,0,0,0,58,34,92,0,0,0
29/04/2021,Disease Name--Renal Failure-Acute Renal Failure,State Name--RAJASTHAN,From Month & Year--  January - 2017  UPTO  December - 2017,33,,Karauli,58,34,92,0,0,0,58,34,92,0,0,0
29/04/2021,Disease Name--Renal Failure-Acute Renal Failure,State Name--RAJASTHAN,From Month & Year--  January - 2017  UPTO  December - 2017,33,,Karauli,58,34,92,0,0,0,58,34,92,0,0,0
29/04/2021,Disease Name--Renal Failure-Acute Renal Failure,State Name--RAJASTHAN,From Month & Year--  January - 2017  UPTO  December - 2017,33,,Karauli,58,34,92,0,0,0,58,34,92,0,0,0
29/04/2021,Disease Name--Renal Failure-Chronic Renal Failure,State Name--RAJASTHAN,From Month & Year--  January - 2017  UPTO  December - 2017,33,,Karauli,64,38,102,1,0,1,64,38,102,1,0,1
29/04/2021,Disease Name--Renal Failure-Chronic Renal Failure,State Name--RAJASTHAN,From Month & Year--  January - 2017  UPTO  December - 2017,33,,Karauli,64,38,102,1,0,1,64,38,102,1,0,1
29/04/2021,Disease Name--Renal Failure-Chronic Renal Failure,State Name--RAJASTHAN,From Month & Year--  January - 2017  UPTO  December - 2017,33,,Karauli,64,38,102,1,0,1,64,38,102,1,0,1
29/04/2021,Disease Name--Renal Failure-Chronic Renal Failure,State Name--RAJASTHAN,From Month & Year--  January - 2017  UPTO  December - 2017,33,,Karauli,64,38,102,1,0,1,64,38,102,1,0,1
29/04/2021,Disease Name--Renal Failure-Chronic Renal Failure,State Name--RAJASTHAN,From Month & Year--  January - 2017  UPTO  December - 2017,33,,Karauli,64,38,102,1,0,1,64,38,102,1,0,1
29/04/2021,Disease Name--Renal Failure-Chronic Renal Failure,State Name--RAJASTHAN,From Month & Year--  January - 2017  UPTO  December - 2017,33,,Karauli,64,38,102,1,0,1,64,38,102,1,0,1
29/04/2021,Disease Name--Renal Failure-Chronic Renal Failure,State Name--RAJASTHAN,From Month & Year--  January - 2017  UPTO  December - 2017,33,,Karauli,64,38,102,1,0,1,64,38,102,1,0,1
29/04/2021,Disease Name--Renal Failure-Chronic Renal Failure,State Name--RAJASTHAN,From Month & Year--  January - 2017  UPTO  December - 2017,33,,Karauli,64,38,102,1,0,1,64,38,102,1,0,1
29/04/2021,Disease Name--Renal Failure-Chronic Renal Failure,State Name--RAJASTHAN,From Month & Year--  January - 2017  UPTO  December - 2017,33,,Karauli,64,38,102,1,0,1,64,38,102,1,0,1
29/04/2021,Disease Name--Renal Failure-Chronic Renal Failure,State Name--RAJASTHAN,From Month & Year--  January - 2017  UPTO  December - 2017,33,,Karauli,64,38,102,1,0,1,64,38,102,1,0,1
29/04/2021,Disease Name--Renal Failure-Chronic Renal Failure,State Name--RAJASTHAN,From Month & Year--  January - 2017  UPTO  December - 2017,33,,Karauli,64,38,102,1,0,1,64,38,102,1,0,1
29/04/2021,Disease Name--Renal Failure-Chronic Renal Failure,State Name--RAJASTHAN,From Month & Year--  January - 2017  UPTO  December - 2017,33,,Karauli,64,38,102,1,0,1,64,38,102,1,0,1
29/04/2021,Disease Name--Road Traffic Accidents-Road Traffic Accidents,State Name--RAJASTHAN,From Month & Year--  January - 2017  UPTO  December - 2017,33,,Karauli,1186,698,1884,3,1,4,1186,698,1884,3,1,4
29/04/2021,Disease Name--Road Traffic Accidents-Road Traffic Accidents,State Name--RAJASTHAN,From Month & Year--  January - 2017  UPTO  December - 2017,33,,Karauli,1186,698,1884,3,1,4,1186,698,1884,3,1,4
29/04/2021,Disease Name--Road Traffic Accidents-Road Traffic Accidents,State Name--RAJASTHAN,From Month & Year--  January - 2017  UPTO  December - 2017,33,,Karauli,1186,698,1884,3,1,4,1186,698,1884,3,1,4
29/04/2021,Disease Name--Road Traffic Accidents-Road Traffic Accidents,State Name--RAJASTHAN,From Month & Year--  January - 2017  UPTO  December - 2017,33,,Karauli,1186,698,1884,3,1,4,1186,698,1884,3,1,4
29/04/2021,Disease Name--Road Traffic Accidents-Road Traffic Accidents,State Name--RAJASTHAN,From Month & Year--  January - 2017  UPTO  December - 2017,33,,Karauli,1186,698,1884,3,1,4,1186,698,1884,3,1,4
29/04/2021,Disease Name--Road Traffic Accidents-Road Traffic Accidents,State Name--RAJASTHAN,From Month & Year--  January - 2017  UPTO  December - 2017,33,,Karauli,1186,698,1884,3,1,4,1186,698,1884,3,1,4
29/04/2021,Disease Name--Road Traffic Accidents-Road Traffic Accidents,State Name--RAJASTHAN,From Month & Year--  January - 2017  UPTO  December - 2017,33,,Karauli,1186,698,1884,3,1,4,1186,698,1884,3,1,4
29/04/2021,Disease Name--Road Traffic Accidents-Road Traffic Accidents,State Name--RAJASTHAN,From Month & Year--  January - 2017  UPTO  December - 2017,33,,Karauli,1186,698,1884,3,1,4,1186,698,1884,3,1,4
29/04/2021,Disease Name--Road Traffic Accidents-Road Traffic Accidents,State Name--RAJASTHAN,From Month & Year--  January - 2017  UPTO  December - 2017,33,,Karauli,1186,698,1884,3,1,4,1186,698,1884,3,1,4
29/04/2021,Disease Name--Road Traffic Accidents-Road Traffic Accidents,State Name--RAJASTHAN,From Month & Year--  January - 2017  UPTO  December - 2017,33,,Karauli,1186,698,1884,3,1,4,1186,698,1884,3,1,4
29/04/2021,Disease Name--Road Traffic Accidents-Road Traffic Accidents,State Name--RAJASTHAN,From Month & Year--  January - 2017  UPTO  December - 2017,33,,Karauli,1186,698,1884,3,1,4,1186,698,1884,3,1,4
29/04/2021,Disease Name--Road Traffic Accidents-Road Traffic Accidents,State Name--RAJASTHAN,From Month & Year--  January - 2017  UPTO  December - 2017,33,,Karauli,1186,698,1884,3,1,4,1186,698,1884,3,1,4
29/04/2021,Disease Name--Snake Bite-Snake Bite,State Name--RAJASTHAN,From Month & Year--  January - 2017  UPTO  December - 2017,33,,Karauli,5,2,7,1,0,1,5,2,7,1,0,1
29/04/2021,Disease Name--Snake Bite-Snake Bite,State Name--RAJASTHAN,From Month & Year--  January - 2017  UPTO  December - 2017,33,,Karauli,5,2,7,1,0,1,5,2,7,1,0,1
29/04/2021,Disease Name--Snake Bite-Snake Bite,State Name--RAJASTHAN,From Month & Year--  January - 2017  UPTO  December - 2017,33,,Karauli,5,2,7,1,0,1,5,2,7,1,0,1
29/04/2021,Disease Name--Snake Bite-Snake Bite,State Name--RAJASTHAN,From Month & Year--  January - 2017  UPTO  December - 2017,33,,Karauli,5,2,7,1,0,1,5,2,7,1,0,1
29/04/2021,Disease Name--Snake Bite-Snake Bite,State Name--RAJASTHAN,From Month & Year--  January - 2017  UPTO  December - 2017,33,,Karauli,5,2,7,1,0,1,5,2,7,1,0,1
29/04/2021,Disease Name--Snake Bite-Snake Bite,State Name--RAJASTHAN,From Month & Year--  January - 2017  UPTO  December - 2017,33,,Karauli,5,2,7,1,0,1,5,2,7,1,0,1
29/04/2021,Disease Name--Snake Bite-Snake Bite,State Name--RAJASTHAN,From Month & Year--  January - 2017  UPTO  December - 2017,33,,Karauli,5,2,7,1,0,1,5,2,7,1,0,1
29/04/2021,Disease Name--Snake Bite-Snake Bite,State Name--RAJASTHAN,From Month & Year--  January - 2017  UPTO  December - 2017,33,,Karauli,5,2,7,1,0,1,5,2,7,1,0,1
29/04/2021,Disease Name--Snake Bite-Snake Bite,State Name--RAJASTHAN,From Month & Year--  January - 2017  UPTO  December - 2017,33,,Karauli,5,2,7,1,0,1,5,2,7,1,0,1
29/04/2021,Disease Name--Snake Bite-Snake Bite,State Name--RAJASTHAN,From Month & Year--  January - 2017  UPTO  December - 2017,33,,Karauli,5,2,7,1,0,1,5,2,7,1,0,1
29/04/2021,Disease Name--Snake Bite-Snake Bite,State Name--RAJASTHAN,From Month & Year--  January - 2017  UPTO  December - 2017,33,,Karauli,5,2,7,1,0,1,5,2,7,1,0,1
29/04/2021,Disease Name--Snake Bite-Snake Bite,State Name--RAJASTHAN,From Month & Year--  January - 2017  UPTO  December - 2017,33,,Karauli,5,2,7,1,0,1,5,2,7,1,0,1

