textbox13,disease_name,textbox43,textbox11,textbox18,district_count,sl_no1,textbox38,textbox5,textbox33,textbox55,textbox36,col06,textbox71,textbox29,textbox37,textbox45,textbox30,textbox34,textbox56
29/04/2021,Acute Diarrhoeal diseases  (Including Gastro Enteritis Etc),RAJASTHAN,From Month & Year  January - 2015,December - 2015,33,,Pratap Grah,10717,8095,18812,0,0,0,10717,8095,18812,0,0,0
29/04/2021,Acute Diarrhoeal diseases  (Including Gastro Enteritis Etc),RAJASTHAN,From Month & Year  January - 2015,December - 2015,33,,Pratap Grah,10717,8095,18812,0,0,0,10717,8095,18812,0,0,0
29/04/2021,Acute Diarrhoeal diseases  (Including Gastro Enteritis Etc),RAJASTHAN,From Month & Year  January - 2015,December - 2015,33,,Pratap Grah,10717,8095,18812,0,0,0,10717,8095,18812,0,0,0
29/04/2021,Acute Diarrhoeal diseases  (Including Gastro Enteritis Etc),RAJASTHAN,From Month & Year  January - 2015,December - 2015,33,,Pratap Grah,10717,8095,18812,0,0,0,10717,8095,18812,0,0,0
29/04/2021,Acute Diarrhoeal diseases  (Including Gastro Enteritis Etc),RAJASTHAN,From Month & Year  January - 2015,December - 2015,33,,Pratap Grah,10717,8095,18812,0,0,0,10717,8095,18812,0,0,0
29/04/2021,Acute Diarrhoeal diseases  (Including Gastro Enteritis Etc),RAJASTHAN,From Month & Year  January - 2015,December - 2015,33,,Pratap Grah,10717,8095,18812,0,0,0,10717,8095,18812,0,0,0
29/04/2021,Acute Diarrhoeal diseases  (Including Gastro Enteritis Etc),RAJASTHAN,From Month & Year  January - 2015,December - 2015,33,,Pratap Grah,10717,8095,18812,0,0,0,10717,8095,18812,0,0,0
29/04/2021,Acute Diarrhoeal diseases  (Including Gastro Enteritis Etc),RAJASTHAN,From Month & Year  January - 2015,December - 2015,33,,Pratap Grah,10717,8095,18812,0,0,0,10717,8095,18812,0,0,0
29/04/2021,Acute Diarrhoeal diseases  (Including Gastro Enteritis Etc),RAJASTHAN,From Month & Year  January - 2015,December - 2015,33,,Pratap Grah,10717,8095,18812,0,0,0,10717,8095,18812,0,0,0
29/04/2021,Acute Diarrhoeal diseases  (Including Gastro Enteritis Etc),RAJASTHAN,From Month & Year  January - 2015,December - 2015,33,,Pratap Grah,10717,8095,18812,0,0,0,10717,8095,18812,0,0,0
29/04/2021,Acute Diarrhoeal diseases  (Including Gastro Enteritis Etc),RAJASTHAN,From Month & Year  January - 2015,December - 2015,33,,Pratap Grah,10717,8095,18812,0,0,0,10717,8095,18812,0,0,0
29/04/2021,Acute Respiratory Infection (Including Influenza and excluding Pneumonia),RAJASTHAN,From Month & Year  January - 2015,December - 2015,33,,Pratap Grah,17694,15008,32702,0,0,0,17694,15008,32702,0,0,0
29/04/2021,Acute Respiratory Infection (Including Influenza and excluding Pneumonia),RAJASTHAN,From Month & Year  January - 2015,December - 2015,33,,Pratap Grah,17694,15008,32702,0,0,0,17694,15008,32702,0,0,0
29/04/2021,Acute Respiratory Infection (Including Influenza and excluding Pneumonia),RAJASTHAN,From Month & Year  January - 2015,December - 2015,33,,Pratap Grah,17694,15008,32702,0,0,0,17694,15008,32702,0,0,0
29/04/2021,Acute Respiratory Infection (Including Influenza and excluding Pneumonia),RAJASTHAN,From Month & Year  January - 2015,December - 2015,33,,Pratap Grah,17694,15008,32702,0,0,0,17694,15008,32702,0,0,0
29/04/2021,Acute Respiratory Infection (Including Influenza and excluding Pneumonia),RAJASTHAN,From Month & Year  January - 2015,December - 2015,33,,Pratap Grah,17694,15008,32702,0,0,0,17694,15008,32702,0,0,0
29/04/2021,Acute Respiratory Infection (Including Influenza and excluding Pneumonia),RAJASTHAN,From Month & Year  January - 2015,December - 2015,33,,Pratap Grah,17694,15008,32702,0,0,0,17694,15008,32702,0,0,0
29/04/2021,Acute Respiratory Infection (Including Influenza and excluding Pneumonia),RAJASTHAN,From Month & Year  January - 2015,December - 2015,33,,Pratap Grah,17694,15008,32702,0,0,0,17694,15008,32702,0,0,0
29/04/2021,Acute Respiratory Infection (Including Influenza and excluding Pneumonia),RAJASTHAN,From Month & Year  January - 2015,December - 2015,33,,Pratap Grah,17694,15008,32702,0,0,0,17694,15008,32702,0,0,0
29/04/2021,Acute Respiratory Infection (Including Influenza and excluding Pneumonia),RAJASTHAN,From Month & Year  January - 2015,December - 2015,33,,Pratap Grah,17694,15008,32702,0,0,0,17694,15008,32702,0,0,0
29/04/2021,Acute Respiratory Infection (Including Influenza and excluding Pneumonia),RAJASTHAN,From Month & Year  January - 2015,December - 2015,33,,Pratap Grah,17694,15008,32702,0,0,0,17694,15008,32702,0,0,0
29/04/2021,Chicken Pox,RAJASTHAN,From Month & Year  January - 2015,December - 2015,33,,Pratap Grah,87,36,123,0,0,0,87,36,123,0,0,0
29/04/2021,Chicken Pox,RAJASTHAN,From Month & Year  January - 2015,December - 2015,33,,Pratap Grah,87,36,123,0,0,0,87,36,123,0,0,0
29/04/2021,Chicken Pox,RAJASTHAN,From Month & Year  January - 2015,December - 2015,33,,Pratap Grah,87,36,123,0,0,0,87,36,123,0,0,0
29/04/2021,Chicken Pox,RAJASTHAN,From Month & Year  January - 2015,December - 2015,33,,Pratap Grah,87,36,123,0,0,0,87,36,123,0,0,0
29/04/2021,Chicken Pox,RAJASTHAN,From Month & Year  January - 2015,December - 2015,33,,Pratap Grah,87,36,123,0,0,0,87,36,123,0,0,0
29/04/2021,Chicken Pox,RAJASTHAN,From Month & Year  January - 2015,December - 2015,33,,Pratap Grah,87,36,123,0,0,0,87,36,123,0,0,0
29/04/2021,Chicken Pox,RAJASTHAN,From Month & Year  January - 2015,December - 2015,33,,Pratap Grah,87,36,123,0,0,0,87,36,123,0,0,0
29/04/2021,Chicken Pox,RAJASTHAN,From Month & Year  January - 2015,December - 2015,33,,Pratap Grah,87,36,123,0,0,0,87,36,123,0,0,0
29/04/2021,Chicken Pox,RAJASTHAN,From Month & Year  January - 2015,December - 2015,33,,Pratap Grah,87,36,123,0,0,0,87,36,123,0,0,0
29/04/2021,Chicken Pox,RAJASTHAN,From Month & Year  January - 2015,December - 2015,33,,Pratap Grah,87,36,123,0,0,0,87,36,123,0,0,0
29/04/2021,Chicken Pox,RAJASTHAN,From Month & Year  January - 2015,December - 2015,33,,Pratap Grah,87,36,123,0,0,0,87,36,123,0,0,0
29/04/2021,Cholera(Lab. confirmed),RAJASTHAN,From Month & Year  January - 2015,December - 2015,33,,Pratap Grah,0,0,0,0,0,0,0,0,0,0,0,0
29/04/2021,Cholera(Lab. confirmed),RAJASTHAN,From Month & Year  January - 2015,December - 2015,33,,Pratap Grah,0,0,0,0,0,0,0,0,0,0,0,0
29/04/2021,Cholera(Lab. confirmed),RAJASTHAN,From Month & Year  January - 2015,December - 2015,33,,Pratap Grah,0,0,0,0,0,0,0,0,0,0,0,0
29/04/2021,Cholera(Lab. confirmed),RAJASTHAN,From Month & Year  January - 2015,December - 2015,33,,Pratap Grah,0,0,0,0,0,0,0,0,0,0,0,0
29/04/2021,Cholera(Lab. confirmed),RAJASTHAN,From Month & Year  January - 2015,December - 2015,33,,Pratap Grah,0,0,0,0,0,0,0,0,0,0,0,0
29/04/2021,Cholera(Lab. confirmed),RAJASTHAN,From Month & Year  January - 2015,December - 2015,33,,Pratap Grah,0,0,0,0,0,0,0,0,0,0,0,0
29/04/2021,Cholera(Lab. confirmed),RAJASTHAN,From Month & Year  January - 2015,December - 2015,33,,Pratap Grah,0,0,0,0,0,0,0,0,0,0,0,0
29/04/2021,Cholera(Lab. confirmed),RAJASTHAN,From Month & Year  January - 2015,December - 2015,33,,Pratap Grah,0,0,0,0,0,0,0,0,0,0,0,0
29/04/2021,Cholera(Lab. confirmed),RAJASTHAN,From Month & Year  January - 2015,December - 2015,33,,Pratap Grah,0,0,0,0,0,0,0,0,0,0,0,0
29/04/2021,Cholera(Lab. confirmed),RAJASTHAN,From Month & Year  January - 2015,December - 2015,33,,Pratap Grah,0,0,0,0,0,0,0,0,0,0,0,0
29/04/2021,Cholera(Lab. confirmed),RAJASTHAN,From Month & Year  January - 2015,December - 2015,33,,Pratap Grah,0,0,0,0,0,0,0,0,0,0,0,0
29/04/2021,Cholera(Lab. confirmed),RAJASTHAN,From Month & Year  January - 2015,December - 2015,33,,Pratap Grah,0,0,0,0,0,0,0,0,0,0,0,0
29/04/2021,Diptheria,RAJASTHAN,From Month & Year  January - 2015,December - 2015,33,,Pratap Grah,46,24,70,0,0,0,46,24,70,0,0,0
29/04/2021,Diptheria,RAJASTHAN,From Month & Year  January - 2015,December - 2015,33,,Pratap Grah,46,24,70,0,0,0,46,24,70,0,0,0
29/04/2021,Diptheria,RAJASTHAN,From Month & Year  January - 2015,December - 2015,33,,Pratap Grah,46,24,70,0,0,0,46,24,70,0,0,0
29/04/2021,Diptheria,RAJASTHAN,From Month & Year  January - 2015,December - 2015,33,,Pratap Grah,46,24,70,0,0,0,46,24,70,0,0,0
29/04/2021,Diptheria,RAJASTHAN,From Month & Year  January - 2015,December - 2015,33,,Pratap Grah,46,24,70,0,0,0,46,24,70,0,0,0
29/04/2021,Diptheria,RAJASTHAN,From Month & Year  January - 2015,December - 2015,33,,Pratap Grah,46,24,70,0,0,0,46,24,70,0,0,0
29/04/2021,Diptheria,RAJASTHAN,From Month & Year  January - 2015,December - 2015,33,,Pratap Grah,46,24,70,0,0,0,46,24,70,0,0,0
29/04/2021,Diptheria,RAJASTHAN,From Month & Year  January - 2015,December - 2015,33,,Pratap Grah,46,24,70,0,0,0,46,24,70,0,0,0
29/04/2021,Diptheria,RAJASTHAN,From Month & Year  January - 2015,December - 2015,33,,Pratap Grah,46,24,70,0,0,0,46,24,70,0,0,0
29/04/2021,Diptheria,RAJASTHAN,From Month & Year  January - 2015,December - 2015,33,,Pratap Grah,46,24,70,0,0,0,46,24,70,0,0,0
29/04/2021,Diptheria,RAJASTHAN,From Month & Year  January - 2015,December - 2015,33,,Pratap Grah,46,24,70,0,0,0,46,24,70,0,0,0
29/04/2021,Diptheria,RAJASTHAN,From Month & Year  January - 2015,December - 2015,33,,Pratap Grah,46,24,70,0,0,0,46,24,70,0,0,0
29/04/2021,Encephalitis,RAJASTHAN,From Month & Year  January - 2015,December - 2015,33,,Pratap Grah,3,1,4,0,0,0,3,1,4,0,0,0
29/04/2021,Encephalitis,RAJASTHAN,From Month & Year  January - 2015,December - 2015,33,,Pratap Grah,3,1,4,0,0,0,3,1,4,0,0,0
29/04/2021,Encephalitis,RAJASTHAN,From Month & Year  January - 2015,December - 2015,33,,Pratap Grah,3,1,4,0,0,0,3,1,4,0,0,0
29/04/2021,Encephalitis,RAJASTHAN,From Month & Year  January - 2015,December - 2015,33,,Pratap Grah,3,1,4,0,0,0,3,1,4,0,0,0
29/04/2021,Encephalitis,RAJASTHAN,From Month & Year  January - 2015,December - 2015,33,,Pratap Grah,3,1,4,0,0,0,3,1,4,0,0,0
29/04/2021,Encephalitis,RAJASTHAN,From Month & Year  January - 2015,December - 2015,33,,Pratap Grah,3,1,4,0,0,0,3,1,4,0,0,0
29/04/2021,Encephalitis,RAJASTHAN,From Month & Year  January - 2015,December - 2015,33,,Pratap Grah,3,1,4,0,0,0,3,1,4,0,0,0
29/04/2021,Encephalitis,RAJASTHAN,From Month & Year  January - 2015,December - 2015,33,,Pratap Grah,3,1,4,0,0,0,3,1,4,0,0,0
29/04/2021,Encephalitis,RAJASTHAN,From Month & Year  January - 2015,December - 2015,33,,Pratap Grah,3,1,4,0,0,0,3,1,4,0,0,0
29/04/2021,Encephalitis,RAJASTHAN,From Month & Year  January - 2015,December - 2015,33,,Pratap Grah,3,1,4,0,0,0,3,1,4,0,0,0
29/04/2021,Encephalitis,RAJASTHAN,From Month & Year  January - 2015,December - 2015,33,,Pratap Grah,3,1,4,0,0,0,3,1,4,0,0,0
29/04/2021,Enteric Fever,RAJASTHAN,From Month & Year  January - 2015,December - 2015,33,,Pratap Grah,3581,2928,6509,0,0,0,3581,2928,6509,0,0,0
29/04/2021,Enteric Fever,RAJASTHAN,From Month & Year  January - 2015,December - 2015,33,,Pratap Grah,3581,2928,6509,0,0,0,3581,2928,6509,0,0,0
29/04/2021,Enteric Fever,RAJASTHAN,From Month & Year  January - 2015,December - 2015,33,,Pratap Grah,3581,2928,6509,0,0,0,3581,2928,6509,0,0,0
29/04/2021,Enteric Fever,RAJASTHAN,From Month & Year  January - 2015,December - 2015,33,,Pratap Grah,3581,2928,6509,0,0,0,3581,2928,6509,0,0,0
29/04/2021,Enteric Fever,RAJASTHAN,From Month & Year  January - 2015,December - 2015,33,,Pratap Grah,3581,2928,6509,0,0,0,3581,2928,6509,0,0,0
29/04/2021,Enteric Fever,RAJASTHAN,From Month & Year  January - 2015,December - 2015,33,,Pratap Grah,3581,2928,6509,0,0,0,3581,2928,6509,0,0,0
29/04/2021,Enteric Fever,RAJASTHAN,From Month & Year  January - 2015,December - 2015,33,,Pratap Grah,3581,2928,6509,0,0,0,3581,2928,6509,0,0,0
29/04/2021,Enteric Fever,RAJASTHAN,From Month & Year  January - 2015,December - 2015,33,,Pratap Grah,3581,2928,6509,0,0,0,3581,2928,6509,0,0,0
29/04/2021,Enteric Fever,RAJASTHAN,From Month & Year  January - 2015,December - 2015,33,,Pratap Grah,3581,2928,6509,0,0,0,3581,2928,6509,0,0,0
29/04/2021,Enteric Fever,RAJASTHAN,From Month & Year  January - 2015,December - 2015,33,,Pratap Grah,3581,2928,6509,0,0,0,3581,2928,6509,0,0,0
29/04/2021,Gonococcal Infection,RAJASTHAN,From Month & Year  January - 2015,December - 2015,33,,Pratap Grah,12,20,32,0,0,0,12,20,32,0,0,0
29/04/2021,Gonococcal Infection,RAJASTHAN,From Month & Year  January - 2015,December - 2015,33,,Pratap Grah,12,20,32,0,0,0,12,20,32,0,0,0
29/04/2021,Gonococcal Infection,RAJASTHAN,From Month & Year  January - 2015,December - 2015,33,,Pratap Grah,12,20,32,0,0,0,12,20,32,0,0,0
29/04/2021,Gonococcal Infection,RAJASTHAN,From Month & Year  January - 2015,December - 2015,33,,Pratap Grah,12,20,32,0,0,0,12,20,32,0,0,0
29/04/2021,Gonococcal Infection,RAJASTHAN,From Month & Year  January - 2015,December - 2015,33,,Pratap Grah,12,20,32,0,0,0,12,20,32,0,0,0
29/04/2021,Gonococcal Infection,RAJASTHAN,From Month & Year  January - 2015,December - 2015,33,,Pratap Grah,12,20,32,0,0,0,12,20,32,0,0,0
29/04/2021,Gonococcal Infection,RAJASTHAN,From Month & Year  January - 2015,December - 2015,33,,Pratap Grah,12,20,32,0,0,0,12,20,32,0,0,0
29/04/2021,Gonococcal Infection,RAJASTHAN,From Month & Year  January - 2015,December - 2015,33,,Pratap Grah,12,20,32,0,0,0,12,20,32,0,0,0
29/04/2021,Gonococcal Infection,RAJASTHAN,From Month & Year  January - 2015,December - 2015,33,,Pratap Grah,12,20,32,0,0,0,12,20,32,0,0,0
29/04/2021,Gonococcal Infection,RAJASTHAN,From Month & Year  January - 2015,December - 2015,33,,Pratap Grah,12,20,32,0,0,0,12,20,32,0,0,0
29/04/2021,Measels,RAJASTHAN,From Month & Year  January - 2015,December - 2015,33,,Pratap Grah,22,5,27,0,0,0,22,5,27,0,0,0
29/04/2021,Measels,RAJASTHAN,From Month & Year  January - 2015,December - 2015,33,,Pratap Grah,22,5,27,0,0,0,22,5,27,0,0,0
29/04/2021,Measels,RAJASTHAN,From Month & Year  January - 2015,December - 2015,33,,Pratap Grah,22,5,27,0,0,0,22,5,27,0,0,0
29/04/2021,Measels,RAJASTHAN,From Month & Year  January - 2015,December - 2015,33,,Pratap Grah,22,5,27,0,0,0,22,5,27,0,0,0
29/04/2021,Measels,RAJASTHAN,From Month & Year  January - 2015,December - 2015,33,,Pratap Grah,22,5,27,0,0,0,22,5,27,0,0,0
29/04/2021,Measels,RAJASTHAN,From Month & Year  January - 2015,December - 2015,33,,Pratap Grah,22,5,27,0,0,0,22,5,27,0,0,0
29/04/2021,Measels,RAJASTHAN,From Month & Year  January - 2015,December - 2015,33,,Pratap Grah,22,5,27,0,0,0,22,5,27,0,0,0
29/04/2021,Measels,RAJASTHAN,From Month & Year  January - 2015,December - 2015,33,,Pratap Grah,22,5,27,0,0,0,22,5,27,0,0,0
29/04/2021,Measels,RAJASTHAN,From Month & Year  January - 2015,December - 2015,33,,Pratap Grah,22,5,27,0,0,0,22,5,27,0,0,0
29/04/2021,Measels,RAJASTHAN,From Month & Year  January - 2015,December - 2015,33,,Pratap Grah,22,5,27,0,0,0,22,5,27,0,0,0
29/04/2021,Measels,RAJASTHAN,From Month & Year  January - 2015,December - 2015,33,,Pratap Grah,22,5,27,0,0,0,22,5,27,0,0,0
29/04/2021,Meningococcal Meningitis,RAJASTHAN,From Month & Year  January - 2015,December - 2015,33,,Pratap Grah,0,0,0,0,0,0,0,0,0,0,0,0
29/04/2021,Meningococcal Meningitis,RAJASTHAN,From Month & Year  January - 2015,December - 2015,33,,Pratap Grah,0,0,0,0,0,0,0,0,0,0,0,0
29/04/2021,Meningococcal Meningitis,RAJASTHAN,From Month & Year  January - 2015,December - 2015,33,,Pratap Grah,0,0,0,0,0,0,0,0,0,0,0,0
29/04/2021,Meningococcal Meningitis,RAJASTHAN,From Month & Year  January - 2015,December - 2015,33,,Pratap Grah,0,0,0,0,0,0,0,0,0,0,0,0
29/04/2021,Meningococcal Meningitis,RAJASTHAN,From Month & Year  January - 2015,December - 2015,33,,Pratap Grah,0,0,0,0,0,0,0,0,0,0,0,0
29/04/2021,Meningococcal Meningitis,RAJASTHAN,From Month & Year  January - 2015,December - 2015,33,,Pratap Grah,0,0,0,0,0,0,0,0,0,0,0,0
29/04/2021,Meningococcal Meningitis,RAJASTHAN,From Month & Year  January - 2015,December - 2015,33,,Pratap Grah,0,0,0,0,0,0,0,0,0,0,0,0
29/04/2021,Meningococcal Meningitis,RAJASTHAN,From Month & Year  January - 2015,December - 2015,33,,Pratap Grah,0,0,0,0,0,0,0,0,0,0,0,0
29/04/2021,Meningococcal Meningitis,RAJASTHAN,From Month & Year  January - 2015,December - 2015,33,,Pratap Grah,0,0,0,0,0,0,0,0,0,0,0,0
29/04/2021,Meningococcal Meningitis,RAJASTHAN,From Month & Year  January - 2015,December - 2015,33,,Pratap Grah,0,0,0,0,0,0,0,0,0,0,0,0
29/04/2021,Meningococcal Meningitis,RAJASTHAN,From Month & Year  January - 2015,December - 2015,33,,Pratap Grah,0,0,0,0,0,0,0,0,0,0,0,0
29/04/2021,Neonatal Tetanus,RAJASTHAN,From Month & Year  January - 2015,December - 2015,33,,Pratap Grah,0,0,0,0,0,0,0,0,0,0,0,0
29/04/2021,Neonatal Tetanus,RAJASTHAN,From Month & Year  January - 2015,December - 2015,33,,Pratap Grah,0,0,0,0,0,0,0,0,0,0,0,0
29/04/2021,Neonatal Tetanus,RAJASTHAN,From Month & Year  January - 2015,December - 2015,33,,Pratap Grah,0,0,0,0,0,0,0,0,0,0,0,0
29/04/2021,Neonatal Tetanus,RAJASTHAN,From Month & Year  January - 2015,December - 2015,33,,Pratap Grah,0,0,0,0,0,0,0,0,0,0,0,0
29/04/2021,Neonatal Tetanus,RAJASTHAN,From Month & Year  January - 2015,December - 2015,33,,Pratap Grah,0,0,0,0,0,0,0,0,0,0,0,0
29/04/2021,Neonatal Tetanus,RAJASTHAN,From Month & Year  January - 2015,December - 2015,33,,Pratap Grah,0,0,0,0,0,0,0,0,0,0,0,0
29/04/2021,Neonatal Tetanus,RAJASTHAN,From Month & Year  January - 2015,December - 2015,33,,Pratap Grah,0,0,0,0,0,0,0,0,0,0,0,0
29/04/2021,Neonatal Tetanus,RAJASTHAN,From Month & Year  January - 2015,December - 2015,33,,Pratap Grah,0,0,0,0,0,0,0,0,0,0,0,0
29/04/2021,Neonatal Tetanus,RAJASTHAN,From Month & Year  January - 2015,December - 2015,33,,Pratap Grah,0,0,0,0,0,0,0,0,0,0,0,0
29/04/2021,Neonatal Tetanus,RAJASTHAN,From Month & Year  January - 2015,December - 2015,33,,Pratap Grah,0,0,0,0,0,0,0,0,0,0,0,0
29/04/2021,Neonatal Tetanus,RAJASTHAN,From Month & Year  January - 2015,December - 2015,33,,Pratap Grah,0,0,0,0,0,0,0,0,0,0,0,0
29/04/2021,Neonatal Tetanus,RAJASTHAN,From Month & Year  January - 2015,December - 2015,33,,Pratap Grah,0,0,0,0,0,0,0,0,0,0,0,0
29/04/2021,Pneumonia,RAJASTHAN,From Month & Year  January - 2015,December - 2015,33,,Pratap Grah,1745,1507,3252,0,1,1,1745,1507,3252,0,1,1
29/04/2021,Pneumonia,RAJASTHAN,From Month & Year  January - 2015,December - 2015,33,,Pratap Grah,1745,1507,3252,0,1,1,1745,1507,3252,0,1,1
29/04/2021,Pneumonia,RAJASTHAN,From Month & Year  January - 2015,December - 2015,33,,Pratap Grah,1745,1507,3252,0,1,1,1745,1507,3252,0,1,1
29/04/2021,Pneumonia,RAJASTHAN,From Month & Year  January - 2015,December - 2015,33,,Pratap Grah,1745,1507,3252,0,1,1,1745,1507,3252,0,1,1
29/04/2021,Pneumonia,RAJASTHAN,From Month & Year  January - 2015,December - 2015,33,,Pratap Grah,1745,1507,3252,0,1,1,1745,1507,3252,0,1,1
29/04/2021,Pneumonia,RAJASTHAN,From Month & Year  January - 2015,December - 2015,33,,Pratap Grah,1745,1507,3252,0,1,1,1745,1507,3252,0,1,1
29/04/2021,Pneumonia,RAJASTHAN,From Month & Year  January - 2015,December - 2015,33,,Pratap Grah,1745,1507,3252,0,1,1,1745,1507,3252,0,1,1
29/04/2021,Pneumonia,RAJASTHAN,From Month & Year  January - 2015,December - 2015,33,,Pratap Grah,1745,1507,3252,0,1,1,1745,1507,3252,0,1,1
29/04/2021,Pneumonia,RAJASTHAN,From Month & Year  January - 2015,December - 2015,33,,Pratap Grah,1745,1507,3252,0,1,1,1745,1507,3252,0,1,1
29/04/2021,Pneumonia,RAJASTHAN,From Month & Year  January - 2015,December - 2015,33,,Pratap Grah,1745,1507,3252,0,1,1,1745,1507,3252,0,1,1
29/04/2021,Rabies***,RAJASTHAN,From Month & Year  January - 2015,December - 2015,33,,Pratap Grah,0,0,0,0,0,0,0,0,0,0,0,0
29/04/2021,Rabies***,RAJASTHAN,From Month & Year  January - 2015,December - 2015,33,,Pratap Grah,0,0,0,0,0,0,0,0,0,0,0,0
29/04/2021,Rabies***,RAJASTHAN,From Month & Year  January - 2015,December - 2015,33,,Pratap Grah,0,0,0,0,0,0,0,0,0,0,0,0
29/04/2021,Rabies***,RAJASTHAN,From Month & Year  January - 2015,December - 2015,33,,Pratap Grah,0,0,0,0,0,0,0,0,0,0,0,0
29/04/2021,Rabies***,RAJASTHAN,From Month & Year  January - 2015,December - 2015,33,,Pratap Grah,0,0,0,0,0,0,0,0,0,0,0,0
29/04/2021,Rabies***,RAJASTHAN,From Month & Year  January - 2015,December - 2015,33,,Pratap Grah,0,0,0,0,0,0,0,0,0,0,0,0
29/04/2021,Rabies***,RAJASTHAN,From Month & Year  January - 2015,December - 2015,33,,Pratap Grah,0,0,0,0,0,0,0,0,0,0,0,0
29/04/2021,Rabies***,RAJASTHAN,From Month & Year  January - 2015,December - 2015,33,,Pratap Grah,0,0,0,0,0,0,0,0,0,0,0,0
29/04/2021,Rabies***,RAJASTHAN,From Month & Year  January - 2015,December - 2015,33,,Pratap Grah,0,0,0,0,0,0,0,0,0,0,0,0
29/04/2021,Rabies***,RAJASTHAN,From Month & Year  January - 2015,December - 2015,33,,Pratap Grah,0,0,0,0,0,0,0,0,0,0,0,0
29/04/2021,Rabies***,RAJASTHAN,From Month & Year  January - 2015,December - 2015,33,,Pratap Grah,0,0,0,0,0,0,0,0,0,0,0,0
29/04/2021,Syphilis,RAJASTHAN,From Month & Year  January - 2015,December - 2015,33,,Pratap Grah,11,18,29,0,0,0,11,18,29,0,0,0
29/04/2021,Syphilis,RAJASTHAN,From Month & Year  January - 2015,December - 2015,33,,Pratap Grah,11,18,29,0,0,0,11,18,29,0,0,0
29/04/2021,Syphilis,RAJASTHAN,From Month & Year  January - 2015,December - 2015,33,,Pratap Grah,11,18,29,0,0,0,11,18,29,0,0,0
29/04/2021,Syphilis,RAJASTHAN,From Month & Year  January - 2015,December - 2015,33,,Pratap Grah,11,18,29,0,0,0,11,18,29,0,0,0
29/04/2021,Syphilis,RAJASTHAN,From Month & Year  January - 2015,December - 2015,33,,Pratap Grah,11,18,29,0,0,0,11,18,29,0,0,0
29/04/2021,Syphilis,RAJASTHAN,From Month & Year  January - 2015,December - 2015,33,,Pratap Grah,11,18,29,0,0,0,11,18,29,0,0,0
29/04/2021,Syphilis,RAJASTHAN,From Month & Year  January - 2015,December - 2015,33,,Pratap Grah,11,18,29,0,0,0,11,18,29,0,0,0
29/04/2021,Syphilis,RAJASTHAN,From Month & Year  January - 2015,December - 2015,33,,Pratap Grah,11,18,29,0,0,0,11,18,29,0,0,0
29/04/2021,Syphilis,RAJASTHAN,From Month & Year  January - 2015,December - 2015,33,,Pratap Grah,11,18,29,0,0,0,11,18,29,0,0,0
29/04/2021,Syphilis,RAJASTHAN,From Month & Year  January - 2015,December - 2015,33,,Pratap Grah,11,18,29,0,0,0,11,18,29,0,0,0
29/04/2021,Syphilis,RAJASTHAN,From Month & Year  January - 2015,December - 2015,33,,Pratap Grah,11,18,29,0,0,0,11,18,29,0,0,0
29/04/2021,Tetanus other than Neonatal,RAJASTHAN,From Month & Year  January - 2015,December - 2015,33,,Pratap Grah,0,0,0,0,0,0,0,0,0,0,0,0
29/04/2021,Tetanus other than Neonatal,RAJASTHAN,From Month & Year  January - 2015,December - 2015,33,,Pratap Grah,0,0,0,0,0,0,0,0,0,0,0,0
29/04/2021,Tetanus other than Neonatal,RAJASTHAN,From Month & Year  January - 2015,December - 2015,33,,Pratap Grah,0,0,0,0,0,0,0,0,0,0,0,0
29/04/2021,Tetanus other than Neonatal,RAJASTHAN,From Month & Year  January - 2015,December - 2015,33,,Pratap Grah,0,0,0,0,0,0,0,0,0,0,0,0
29/04/2021,Tetanus other than Neonatal,RAJASTHAN,From Month & Year  January - 2015,December - 2015,33,,Pratap Grah,0,0,0,0,0,0,0,0,0,0,0,0
29/04/2021,Tetanus other than Neonatal,RAJASTHAN,From Month & Year  January - 2015,December - 2015,33,,Pratap Grah,0,0,0,0,0,0,0,0,0,0,0,0
29/04/2021,Tetanus other than Neonatal,RAJASTHAN,From Month & Year  January - 2015,December - 2015,33,,Pratap Grah,0,0,0,0,0,0,0,0,0,0,0,0
29/04/2021,Tetanus other than Neonatal,RAJASTHAN,From Month & Year  January - 2015,December - 2015,33,,Pratap Grah,0,0,0,0,0,0,0,0,0,0,0,0
29/04/2021,Tetanus other than Neonatal,RAJASTHAN,From Month & Year  January - 2015,December - 2015,33,,Pratap Grah,0,0,0,0,0,0,0,0,0,0,0,0
29/04/2021,Tetanus other than Neonatal,RAJASTHAN,From Month & Year  January - 2015,December - 2015,33,,Pratap Grah,0,0,0,0,0,0,0,0,0,0,0,0
29/04/2021,Tetanus other than Neonatal,RAJASTHAN,From Month & Year  January - 2015,December - 2015,33,,Pratap Grah,0,0,0,0,0,0,0,0,0,0,0,0
29/04/2021,Tetanus other than Neonatal,RAJASTHAN,From Month & Year  January - 2015,December - 2015,33,,Pratap Grah,0,0,0,0,0,0,0,0,0,0,0,0
29/04/2021,Viral Hepatitis -A,RAJASTHAN,From Month & Year  January - 2015,December - 2015,33,,Pratap Grah,107,60,167,0,0,0,107,60,167,0,0,0
29/04/2021,Viral Hepatitis -A,RAJASTHAN,From Month & Year  January - 2015,December - 2015,33,,Pratap Grah,107,60,167,0,0,0,107,60,167,0,0,0
29/04/2021,Viral Hepatitis -A,RAJASTHAN,From Month & Year  January - 2015,December - 2015,33,,Pratap Grah,107,60,167,0,0,0,107,60,167,0,0,0
29/04/2021,Viral Hepatitis -A,RAJASTHAN,From Month & Year  January - 2015,December - 2015,33,,Pratap Grah,107,60,167,0,0,0,107,60,167,0,0,0
29/04/2021,Viral Hepatitis -A,RAJASTHAN,From Month & Year  January - 2015,December - 2015,33,,Pratap Grah,107,60,167,0,0,0,107,60,167,0,0,0
29/04/2021,Viral Hepatitis -A,RAJASTHAN,From Month & Year  January - 2015,December - 2015,33,,Pratap Grah,107,60,167,0,0,0,107,60,167,0,0,0
29/04/2021,Viral Hepatitis -A,RAJASTHAN,From Month & Year  January - 2015,December - 2015,33,,Pratap Grah,107,60,167,0,0,0,107,60,167,0,0,0
29/04/2021,Viral Hepatitis -A,RAJASTHAN,From Month & Year  January - 2015,December - 2015,33,,Pratap Grah,107,60,167,0,0,0,107,60,167,0,0,0
29/04/2021,Viral Hepatitis -A,RAJASTHAN,From Month & Year  January - 2015,December - 2015,33,,Pratap Grah,107,60,167,0,0,0,107,60,167,0,0,0
29/04/2021,Viral Hepatitis -A,RAJASTHAN,From Month & Year  January - 2015,December - 2015,33,,Pratap Grah,107,60,167,0,0,0,107,60,167,0,0,0
29/04/2021,Viral Hepatitis -B,RAJASTHAN,From Month & Year  January - 2015,December - 2015,33,,Pratap Grah,0,0,0,0,0,0,0,0,0,0,0,0
29/04/2021,Viral Hepatitis -B,RAJASTHAN,From Month & Year  January - 2015,December - 2015,33,,Pratap Grah,0,0,0,0,0,0,0,0,0,0,0,0
29/04/2021,Viral Hepatitis -B,RAJASTHAN,From Month & Year  January - 2015,December - 2015,33,,Pratap Grah,0,0,0,0,0,0,0,0,0,0,0,0
29/04/2021,Viral Hepatitis -B,RAJASTHAN,From Month & Year  January - 2015,December - 2015,33,,Pratap Grah,0,0,0,0,0,0,0,0,0,0,0,0
29/04/2021,Viral Hepatitis -B,RAJASTHAN,From Month & Year  January - 2015,December - 2015,33,,Pratap Grah,0,0,0,0,0,0,0,0,0,0,0,0
29/04/2021,Viral Hepatitis -B,RAJASTHAN,From Month & Year  January - 2015,December - 2015,33,,Pratap Grah,0,0,0,0,0,0,0,0,0,0,0,0
29/04/2021,Viral Hepatitis -B,RAJASTHAN,From Month & Year  January - 2015,December - 2015,33,,Pratap Grah,0,0,0,0,0,0,0,0,0,0,0,0
29/04/2021,Viral Hepatitis -B,RAJASTHAN,From Month & Year  January - 2015,December - 2015,33,,Pratap Grah,0,0,0,0,0,0,0,0,0,0,0,0
29/04/2021,Viral Hepatitis -B,RAJASTHAN,From Month & Year  January - 2015,December - 2015,33,,Pratap Grah,0,0,0,0,0,0,0,0,0,0,0,0
29/04/2021,Viral Hepatitis -B,RAJASTHAN,From Month & Year  January - 2015,December - 2015,33,,Pratap Grah,0,0,0,0,0,0,0,0,0,0,0,0
29/04/2021,"Viral Hepatitis -C,D,E",RAJASTHAN,From Month & Year  January - 2015,December - 2015,33,,Pratap Grah,0,0,0,0,0,0,0,0,0,0,0,0
29/04/2021,"Viral Hepatitis -C,D,E",RAJASTHAN,From Month & Year  January - 2015,December - 2015,33,,Pratap Grah,0,0,0,0,0,0,0,0,0,0,0,0
29/04/2021,"Viral Hepatitis -C,D,E",RAJASTHAN,From Month & Year  January - 2015,December - 2015,33,,Pratap Grah,0,0,0,0,0,0,0,0,0,0,0,0
29/04/2021,"Viral Hepatitis -C,D,E",RAJASTHAN,From Month & Year  January - 2015,December - 2015,33,,Pratap Grah,0,0,0,0,0,0,0,0,0,0,0,0
29/04/2021,"Viral Hepatitis -C,D,E",RAJASTHAN,From Month & Year  January - 2015,December - 2015,33,,Pratap Grah,0,0,0,0,0,0,0,0,0,0,0,0
29/04/2021,"Viral Hepatitis -C,D,E",RAJASTHAN,From Month & Year  January - 2015,December - 2015,33,,Pratap Grah,0,0,0,0,0,0,0,0,0,0,0,0
29/04/2021,"Viral Hepatitis -C,D,E",RAJASTHAN,From Month & Year  January - 2015,December - 2015,33,,Pratap Grah,0,0,0,0,0,0,0,0,0,0,0,0
29/04/2021,"Viral Hepatitis -C,D,E",RAJASTHAN,From Month & Year  January - 2015,December - 2015,33,,Pratap Grah,0,0,0,0,0,0,0,0,0,0,0,0
29/04/2021,"Viral Hepatitis -C,D,E",RAJASTHAN,From Month & Year  January - 2015,December - 2015,33,,Pratap Grah,0,0,0,0,0,0,0,0,0,0,0,0
29/04/2021,"Viral Hepatitis -C,D,E",RAJASTHAN,From Month & Year  January - 2015,December - 2015,33,,Pratap Grah,0,0,0,0,0,0,0,0,0,0,0,0
29/04/2021,Viral Meningitis,RAJASTHAN,From Month & Year  January - 2015,December - 2015,33,,Pratap Grah,0,0,0,0,0,0,0,0,0,0,0,0
29/04/2021,Viral Meningitis,RAJASTHAN,From Month & Year  January - 2015,December - 2015,33,,Pratap Grah,0,0,0,0,0,0,0,0,0,0,0,0
29/04/2021,Viral Meningitis,RAJASTHAN,From Month & Year  January - 2015,December - 2015,33,,Pratap Grah,0,0,0,0,0,0,0,0,0,0,0,0
29/04/2021,Viral Meningitis,RAJASTHAN,From Month & Year  January - 2015,December - 2015,33,,Pratap Grah,0,0,0,0,0,0,0,0,0,0,0,0
29/04/2021,Viral Meningitis,RAJASTHAN,From Month & Year  January - 2015,December - 2015,33,,Pratap Grah,0,0,0,0,0,0,0,0,0,0,0,0
29/04/2021,Viral Meningitis,RAJASTHAN,From Month & Year  January - 2015,December - 2015,33,,Pratap Grah,0,0,0,0,0,0,0,0,0,0,0,0
29/04/2021,Viral Meningitis,RAJASTHAN,From Month & Year  January - 2015,December - 2015,33,,Pratap Grah,0,0,0,0,0,0,0,0,0,0,0,0
29/04/2021,Viral Meningitis,RAJASTHAN,From Month & Year  January - 2015,December - 2015,33,,Pratap Grah,0,0,0,0,0,0,0,0,0,0,0,0
29/04/2021,Viral Meningitis,RAJASTHAN,From Month & Year  January - 2015,December - 2015,33,,Pratap Grah,0,0,0,0,0,0,0,0,0,0,0,0
29/04/2021,Viral Meningitis,RAJASTHAN,From Month & Year  January - 2015,December - 2015,33,,Pratap Grah,0,0,0,0,0,0,0,0,0,0,0,0
29/04/2021,Whooping Cough,RAJASTHAN,From Month & Year  January - 2015,December - 2015,33,,Pratap Grah,80,108,188,0,0,0,80,108,188,0,0,0
29/04/2021,Whooping Cough,RAJASTHAN,From Month & Year  January - 2015,December - 2015,33,,Pratap Grah,80,108,188,0,0,0,80,108,188,0,0,0
29/04/2021,Whooping Cough,RAJASTHAN,From Month & Year  January - 2015,December - 2015,33,,Pratap Grah,80,108,188,0,0,0,80,108,188,0,0,0
29/04/2021,Whooping Cough,RAJASTHAN,From Month & Year  January - 2015,December - 2015,33,,Pratap Grah,80,108,188,0,0,0,80,108,188,0,0,0
29/04/2021,Whooping Cough,RAJASTHAN,From Month & Year  January - 2015,December - 2015,33,,Pratap Grah,80,108,188,0,0,0,80,108,188,0,0,0
29/04/2021,Whooping Cough,RAJASTHAN,From Month & Year  January - 2015,December - 2015,33,,Pratap Grah,80,108,188,0,0,0,80,108,188,0,0,0
29/04/2021,Whooping Cough,RAJASTHAN,From Month & Year  January - 2015,December - 2015,33,,Pratap Grah,80,108,188,0,0,0,80,108,188,0,0,0
29/04/2021,Whooping Cough,RAJASTHAN,From Month & Year  January - 2015,December - 2015,33,,Pratap Grah,80,108,188,0,0,0,80,108,188,0,0,0
29/04/2021,Whooping Cough,RAJASTHAN,From Month & Year  January - 2015,December - 2015,33,,Pratap Grah,80,108,188,0,0,0,80,108,188,0,0,0
29/04/2021,Whooping Cough,RAJASTHAN,From Month & Year  January - 2015,December - 2015,33,,Pratap Grah,80,108,188,0,0,0,80,108,188,0,0,0
29/04/2021,Whooping Cough,RAJASTHAN,From Month & Year  January - 2015,December - 2015,33,,Pratap Grah,80,108,188,0,0,0,80,108,188,0,0,0

